Ano,Categoria,Produto,Quantidade(L.)
1970,VINHO DE MESA,-,217.208.604
1970,VINHO DE MESA,Tinto,174.224.052
1970,VINHO DE MESA,Branco,748.400
1970,VINHO DE MESA,Rosado,42.236.152
1970,VINHO FINO DE MESA (VINIFERA),-,23.899.346
1970,VINHO FINO DE MESA (VINIFERA),Tinto,7.591.557
1970,VINHO FINO DE MESA (VINIFERA),Branco,15.562.889
1970,VINHO FINO DE MESA (VINIFERA),Rosado,744.900
1970,SUCO,-,1.097.771
1970,SUCO,Suco de uva integral,1.097.771
1970,SUCO,Suco de uva concentrado,-
1970,SUCO,Suco de uva adoçado,-
1970,SUCO,Suco de uva orgânico,-
1970,SUCO,Suco de uva reconstituído,-
1970,DERIVADOS,-,14.164.329
1970,DERIVADOS,Espumante,-
1970,DERIVADOS,Espumante moscatel,-
1970,DERIVADOS,Base espumante,-
1970,DERIVADOS,Base espumante moscatel,-
1970,DERIVADOS,Base Champenoise champanha,-
1970,DERIVADOS,Base Charmat champanha,-
1970,DERIVADOS,Bebida de uva,-
1970,DERIVADOS,Polpa de uva,-
1970,DERIVADOS,Mosto simples,7.170.736
1970,DERIVADOS,Mosto concentrado,-
1970,DERIVADOS,Mosto de uva com bagaço,-
1970,DERIVADOS,Mosto dessulfitado,-
1970,DERIVADOS,Mistelas,1.072.100
1970,DERIVADOS,Néctar de uva,-
1970,DERIVADOS,Licorosos,282.500
1970,DERIVADOS,Compostos,-
1970,DERIVADOS,Jeropiga,-
1970,DERIVADOS,Filtrado,-
1970,DERIVADOS,Frisante,-
1970,DERIVADOS,Vinho leve,-
1970,DERIVADOS,Vinho licoroso,-
1970,DERIVADOS,Brandy,-
1970,DERIVADOS,Destilado,830.030
1970,DERIVADOS,Bagaceira,961.290
1970,DERIVADOS,Licor de bagaceira,-
1970,DERIVADOS,Vinagre,-
1970,DERIVADOS,Borra líquida,3.847.673
1970,DERIVADOS,Borra seca,-
1970,DERIVADOS,Vinho Composto,-
1970,DERIVADOS,Pisco,-
1970,DERIVADOS,Vinho orgânico,-
1970,DERIVADOS,Espumante orgânico,-
1970,DERIVADOS,Destilado alcoólico simples de bagaceira,-
1970,DERIVADOS,Vinho acidificado,-
1970,DERIVADOS,Mosto parcialmente fermentado,-
1970,DERIVADOS,Outros derivados,-
1971,VINHO DE MESA,-,154.264.651
1971,VINHO DE MESA,Tinto,121.133.369
1971,VINHO DE MESA,Branco,1.160.500
1971,VINHO DE MESA,Rosado,31.970.782
1971,VINHO FINO DE MESA (VINIFERA),-,23.586.062
1971,VINHO FINO DE MESA (VINIFERA),Tinto,7.265.666
1971,VINHO FINO DE MESA (VINIFERA),Branco,15.655.709
1971,VINHO FINO DE MESA (VINIFERA),Rosado,664.687
1971,SUCO,-,2.296.654
1971,SUCO,Suco de uva integral,2.296.654
1971,SUCO,Suco de uva concentrado,-
1971,SUCO,Suco de uva adoçado,-
1971,SUCO,Suco de uva orgânico,-
1971,SUCO,Suco de uva reconstituído,-
1971,DERIVADOS,-,13.280.518
1971,DERIVADOS,Espumante,-
1971,DERIVADOS,Espumante moscatel,-
1971,DERIVADOS,Base espumante,-
1971,DERIVADOS,Base espumante moscatel,-
1971,DERIVADOS,Base Champenoise champanha,-
1971,DERIVADOS,Base Charmat champanha,-
1971,DERIVADOS,Bebida de uva,-
1971,DERIVADOS,Polpa de uva,-
1971,DERIVADOS,Mosto simples,7.646.774
1971,DERIVADOS,Mosto concentrado,-
1971,DERIVADOS,Mosto de uva com bagaço,-
1971,DERIVADOS,Mosto dessulfitado,-
1971,DERIVADOS,Mistelas,818.400
1971,DERIVADOS,Néctar de uva,-
1971,DERIVADOS,Licorosos,270.000
1971,DERIVADOS,Compostos,45.000
1971,DERIVADOS,Jeropiga,-
1971,DERIVADOS,Filtrado,-
1971,DERIVADOS,Frisante,-
1971,DERIVADOS,Vinho leve,-
1971,DERIVADOS,Vinho licoroso,-
1971,DERIVADOS,Brandy,-
1971,DERIVADOS,Destilado,-
1971,DERIVADOS,Bagaceira,913.200
1971,DERIVADOS,Licor de bagaceira,-
1971,DERIVADOS,Vinagre,21.500
1971,DERIVADOS,Borra líquida,3.565.644
1971,DERIVADOS,Borra seca,-
1971,DERIVADOS,Vinho Composto,-
1971,DERIVADOS,Pisco,-
1971,DERIVADOS,Vinho orgânico,-
1971,DERIVADOS,Espumante orgânico,-
1971,DERIVADOS,Destilado alcoólico simples de bagaceira,-
1971,DERIVADOS,Vinho acidificado,-
1971,DERIVADOS,Mosto parcialmente fermentado,-
1971,DERIVADOS,Outros derivados,-
1972,VINHO DE MESA,-,146.953.297
1972,VINHO DE MESA,Tinto,118.180.926
1972,VINHO DE MESA,Branco,1.812.367
1972,VINHO DE MESA,Rosado,26.960.004
1972,VINHO FINO DE MESA (VINIFERA),-,21.078.771
1972,VINHO FINO DE MESA (VINIFERA),Tinto,6.782.837
1972,VINHO FINO DE MESA (VINIFERA),Branco,13.289.304
1972,VINHO FINO DE MESA (VINIFERA),Rosado,1.006.630
1972,SUCO,-,3.509.440
1972,SUCO,Suco de uva integral,3.509.440
1972,SUCO,Suco de uva concentrado,-
1972,SUCO,Suco de uva adoçado,-
1972,SUCO,Suco de uva orgânico,-
1972,SUCO,Suco de uva reconstituído,-
1972,DERIVADOS,-,12.314.509
1972,DERIVADOS,Espumante,-
1972,DERIVADOS,Espumante moscatel,-
1972,DERIVADOS,Base espumante,-
1972,DERIVADOS,Base espumante moscatel,-
1972,DERIVADOS,Base Champenoise champanha,-
1972,DERIVADOS,Base Charmat champanha,-
1972,DERIVADOS,Bebida de uva,-
1972,DERIVADOS,Polpa de uva,-
1972,DERIVADOS,Mosto simples,6.051.822
1972,DERIVADOS,Mosto concentrado,-
1972,DERIVADOS,Mosto de uva com bagaço,-
1972,DERIVADOS,Mosto dessulfitado,-
1972,DERIVADOS,Mistelas,871.200
1972,DERIVADOS,Néctar de uva,-
1972,DERIVADOS,Licorosos,254.600
1972,DERIVADOS,Compostos,1.358.300
1972,DERIVADOS,Jeropiga,-
1972,DERIVADOS,Filtrado,-
1972,DERIVADOS,Frisante,-
1972,DERIVADOS,Vinho leve,-
1972,DERIVADOS,Vinho licoroso,-
1972,DERIVADOS,Brandy,-
1972,DERIVADOS,Destilado,-
1972,DERIVADOS,Bagaceira,755.350
1972,DERIVADOS,Licor de bagaceira,-
1972,DERIVADOS,Vinagre,8.200
1972,DERIVADOS,Borra líquida,3.015.037
1972,DERIVADOS,Borra seca,-
1972,DERIVADOS,Vinho Composto,-
1972,DERIVADOS,Pisco,-
1972,DERIVADOS,Vinho orgânico,-
1972,DERIVADOS,Espumante orgânico,-
1972,DERIVADOS,Destilado alcoólico simples de bagaceira,-
1972,DERIVADOS,Vinho acidificado,-
1972,DERIVADOS,Mosto parcialmente fermentado,-
1972,DERIVADOS,Outros derivados,-
1973,VINHO DE MESA,-,116.710.345
1973,VINHO DE MESA,Tinto,88.589.019
1973,VINHO DE MESA,Branco,243.900
1973,VINHO DE MESA,Rosado,27.877.426
1973,VINHO FINO DE MESA (VINIFERA),-,12.368.410
1973,VINHO FINO DE MESA (VINIFERA),Tinto,3.419.625
1973,VINHO FINO DE MESA (VINIFERA),Branco,7.930.070
1973,VINHO FINO DE MESA (VINIFERA),Rosado,1.018.715
1973,SUCO,-,-
1973,SUCO,Suco de uva integral,-
1973,SUCO,Suco de uva concentrado,-
1973,SUCO,Suco de uva adoçado,-
1973,SUCO,Suco de uva orgânico,-
1973,SUCO,Suco de uva reconstituído,-
1973,DERIVADOS,-,28.317.919
1973,DERIVADOS,Espumante,-
1973,DERIVADOS,Espumante moscatel,-
1973,DERIVADOS,Base espumante,-
1973,DERIVADOS,Base espumante moscatel,-
1973,DERIVADOS,Base Champenoise champanha,-
1973,DERIVADOS,Base Charmat champanha,-
1973,DERIVADOS,Bebida de uva,-
1973,DERIVADOS,Polpa de uva,-
1973,DERIVADOS,Mosto simples,21.779.327
1973,DERIVADOS,Mosto concentrado,-
1973,DERIVADOS,Mosto de uva com bagaço,-
1973,DERIVADOS,Mosto dessulfitado,-
1973,DERIVADOS,Mistelas,512.900
1973,DERIVADOS,Néctar de uva,-
1973,DERIVADOS,Licorosos,176.500
1973,DERIVADOS,Compostos,1.628.000
1973,DERIVADOS,Jeropiga,-
1973,DERIVADOS,Filtrado,-
1973,DERIVADOS,Frisante,-
1973,DERIVADOS,Vinho leve,-
1973,DERIVADOS,Vinho licoroso,-
1973,DERIVADOS,Brandy,-
1973,DERIVADOS,Destilado,-
1973,DERIVADOS,Bagaceira,661.270
1973,DERIVADOS,Licor de bagaceira,-
1973,DERIVADOS,Vinagre,-
1973,DERIVADOS,Borra líquida,3.559.922
1973,DERIVADOS,Borra seca,-
1973,DERIVADOS,Vinho Composto,-
1973,DERIVADOS,Pisco,-
1973,DERIVADOS,Vinho orgânico,-
1973,DERIVADOS,Espumante orgânico,-
1973,DERIVADOS,Destilado alcoólico simples de bagaceira,-
1973,DERIVADOS,Vinho acidificado,-
1973,DERIVADOS,Mosto parcialmente fermentado,-
1973,DERIVADOS,Outros derivados,-
1974,VINHO DE MESA,-,193.875.345
1974,VINHO DE MESA,Tinto,146.544.484
1974,VINHO DE MESA,Branco,4.138.768
1974,VINHO DE MESA,Rosado,43.192.093
1974,VINHO FINO DE MESA (VINIFERA),-,31.644.124
1974,VINHO FINO DE MESA (VINIFERA),Tinto,10.047.658
1974,VINHO FINO DE MESA (VINIFERA),Branco,18.927.471
1974,VINHO FINO DE MESA (VINIFERA),Rosado,2.668.995
1974,SUCO,-,-
1974,SUCO,Suco de uva integral,-
1974,SUCO,Suco de uva concentrado,-
1974,SUCO,Suco de uva adoçado,-
1974,SUCO,Suco de uva orgânico,-
1974,SUCO,Suco de uva reconstituído,-
1974,DERIVADOS,-,47.904.934
1974,DERIVADOS,Espumante,-
1974,DERIVADOS,Espumante moscatel,-
1974,DERIVADOS,Base espumante,-
1974,DERIVADOS,Base espumante moscatel,-
1974,DERIVADOS,Base Champenoise champanha,-
1974,DERIVADOS,Base Charmat champanha,-
1974,DERIVADOS,Bebida de uva,-
1974,DERIVADOS,Polpa de uva,-
1974,DERIVADOS,Mosto simples,41.346.735
1974,DERIVADOS,Mosto concentrado,-
1974,DERIVADOS,Mosto de uva com bagaço,-
1974,DERIVADOS,Mosto dessulfitado,-
1974,DERIVADOS,Mistelas,826.300
1974,DERIVADOS,Néctar de uva,-
1974,DERIVADOS,Licorosos,135.000
1974,DERIVADOS,Compostos,-
1974,DERIVADOS,Jeropiga,-
1974,DERIVADOS,Filtrado,-
1974,DERIVADOS,Frisante,-
1974,DERIVADOS,Vinho leve,-
1974,DERIVADOS,Vinho licoroso,-
1974,DERIVADOS,Brandy,-
1974,DERIVADOS,Destilado,-
1974,DERIVADOS,Bagaceira,424.620
1974,DERIVADOS,Licor de bagaceira,-
1974,DERIVADOS,Vinagre,35.300
1974,DERIVADOS,Borra líquida,5.136.979
1974,DERIVADOS,Borra seca,-
1974,DERIVADOS,Vinho Composto,-
1974,DERIVADOS,Pisco,-
1974,DERIVADOS,Vinho orgânico,-
1974,DERIVADOS,Espumante orgânico,-
1974,DERIVADOS,Destilado alcoólico simples de bagaceira,-
1974,DERIVADOS,Vinho acidificado,-
1974,DERIVADOS,Mosto parcialmente fermentado,-
1974,DERIVADOS,Outros derivados,-
1975,VINHO DE MESA,-,177.401.209
1975,VINHO DE MESA,Tinto,144.274.134
1975,VINHO DE MESA,Branco,1.441.507
1975,VINHO DE MESA,Rosado,31.685.568
1975,VINHO FINO DE MESA (VINIFERA),-,39.424.590
1975,VINHO FINO DE MESA (VINIFERA),Tinto,14.731.106
1975,VINHO FINO DE MESA (VINIFERA),Branco,21.933.695
1975,VINHO FINO DE MESA (VINIFERA),Rosado,2.759.789
1975,SUCO,-,-
1975,SUCO,Suco de uva integral,-
1975,SUCO,Suco de uva concentrado,-
1975,SUCO,Suco de uva adoçado,-
1975,SUCO,Suco de uva orgânico,-
1975,SUCO,Suco de uva reconstituído,-
1975,DERIVADOS,-,53.633.143
1975,DERIVADOS,Espumante,-
1975,DERIVADOS,Espumante moscatel,-
1975,DERIVADOS,Base espumante,-
1975,DERIVADOS,Base espumante moscatel,-
1975,DERIVADOS,Base Champenoise champanha,-
1975,DERIVADOS,Base Charmat champanha,-
1975,DERIVADOS,Bebida de uva,-
1975,DERIVADOS,Polpa de uva,-
1975,DERIVADOS,Mosto simples,48.185.206
1975,DERIVADOS,Mosto concentrado,-
1975,DERIVADOS,Mosto de uva com bagaço,-
1975,DERIVADOS,Mosto dessulfitado,-
1975,DERIVADOS,Mistelas,223.000
1975,DERIVADOS,Néctar de uva,-
1975,DERIVADOS,Licorosos,24.000
1975,DERIVADOS,Compostos,-
1975,DERIVADOS,Jeropiga,-
1975,DERIVADOS,Filtrado,-
1975,DERIVADOS,Frisante,-
1975,DERIVADOS,Vinho leve,-
1975,DERIVADOS,Vinho licoroso,-
1975,DERIVADOS,Brandy,-
1975,DERIVADOS,Destilado,-
1975,DERIVADOS,Bagaceira,576.098
1975,DERIVADOS,Licor de bagaceira,-
1975,DERIVADOS,Vinagre,-
1975,DERIVADOS,Borra líquida,4.624.839
1975,DERIVADOS,Borra seca,-
1975,DERIVADOS,Vinho Composto,-
1975,DERIVADOS,Pisco,-
1975,DERIVADOS,Vinho orgânico,-
1975,DERIVADOS,Espumante orgânico,-
1975,DERIVADOS,Destilado alcoólico simples de bagaceira,-
1975,DERIVADOS,Vinho acidificado,-
1975,DERIVADOS,Mosto parcialmente fermentado,-
1975,DERIVADOS,Outros derivados,-
1976,VINHO DE MESA,-,144.565.438
1976,VINHO DE MESA,Tinto,118.360.170
1976,VINHO DE MESA,Branco,1.871.473
1976,VINHO DE MESA,Rosado,24.333.795
1976,VINHO FINO DE MESA (VINIFERA),-,34.500.590
1976,VINHO FINO DE MESA (VINIFERA),Tinto,12.405.154
1976,VINHO FINO DE MESA (VINIFERA),Branco,19.874.659
1976,VINHO FINO DE MESA (VINIFERA),Rosado,2.220.777
1976,SUCO,-,-
1976,SUCO,Suco de uva integral,-
1976,SUCO,Suco de uva concentrado,-
1976,SUCO,Suco de uva adoçado,-
1976,SUCO,Suco de uva orgânico,-
1976,SUCO,Suco de uva reconstituído,-
1976,DERIVADOS,-,22.925.012
1976,DERIVADOS,Espumante,-
1976,DERIVADOS,Espumante moscatel,-
1976,DERIVADOS,Base espumante,-
1976,DERIVADOS,Base espumante moscatel,-
1976,DERIVADOS,Base Champenoise champanha,-
1976,DERIVADOS,Base Charmat champanha,-
1976,DERIVADOS,Bebida de uva,-
1976,DERIVADOS,Polpa de uva,-
1976,DERIVADOS,Mosto simples,18.220.527
1976,DERIVADOS,Mosto concentrado,-
1976,DERIVADOS,Mosto de uva com bagaço,-
1976,DERIVADOS,Mosto dessulfitado,-
1976,DERIVADOS,Mistelas,205.500
1976,DERIVADOS,Néctar de uva,-
1976,DERIVADOS,Licorosos,4.400
1976,DERIVADOS,Compostos,-
1976,DERIVADOS,Jeropiga,107.500
1976,DERIVADOS,Filtrado,-
1976,DERIVADOS,Frisante,-
1976,DERIVADOS,Vinho leve,-
1976,DERIVADOS,Vinho licoroso,-
1976,DERIVADOS,Brandy,-
1976,DERIVADOS,Destilado,-
1976,DERIVADOS,Bagaceira,705.912
1976,DERIVADOS,Licor de bagaceira,-
1976,DERIVADOS,Vinagre,288.000
1976,DERIVADOS,Borra líquida,3.393.173
1976,DERIVADOS,Borra seca,-
1976,DERIVADOS,Vinho Composto,-
1976,DERIVADOS,Pisco,-
1976,DERIVADOS,Vinho orgânico,-
1976,DERIVADOS,Espumante orgânico,-
1976,DERIVADOS,Destilado alcoólico simples de bagaceira,-
1976,DERIVADOS,Vinho acidificado,-
1976,DERIVADOS,Mosto parcialmente fermentado,-
1976,DERIVADOS,Outros derivados,-
1977,VINHO DE MESA,-,195.359.778
1977,VINHO DE MESA,Tinto,154.801.826
1977,VINHO DE MESA,Branco,4.954.387
1977,VINHO DE MESA,Rosado,35.603.565
1977,VINHO FINO DE MESA (VINIFERA),-,41.264.971
1977,VINHO FINO DE MESA (VINIFERA),Tinto,16.131.758
1977,VINHO FINO DE MESA (VINIFERA),Branco,20.409.231
1977,VINHO FINO DE MESA (VINIFERA),Rosado,4.723.982
1977,SUCO,-,-
1977,SUCO,Suco de uva integral,-
1977,SUCO,Suco de uva concentrado,-
1977,SUCO,Suco de uva adoçado,-
1977,SUCO,Suco de uva orgânico,-
1977,SUCO,Suco de uva reconstituído,-
1977,DERIVADOS,-,24.015.856
1977,DERIVADOS,Espumante,-
1977,DERIVADOS,Espumante moscatel,-
1977,DERIVADOS,Base espumante,-
1977,DERIVADOS,Base espumante moscatel,-
1977,DERIVADOS,Base Champenoise champanha,-
1977,DERIVADOS,Base Charmat champanha,-
1977,DERIVADOS,Bebida de uva,-
1977,DERIVADOS,Polpa de uva,-
1977,DERIVADOS,Mosto simples,22.097.156
1977,DERIVADOS,Mosto concentrado,-
1977,DERIVADOS,Mosto de uva com bagaço,-
1977,DERIVADOS,Mosto dessulfitado,-
1977,DERIVADOS,Mistelas,553.200
1977,DERIVADOS,Néctar de uva,-
1977,DERIVADOS,Licorosos,525.000
1977,DERIVADOS,Compostos,-
1977,DERIVADOS,Jeropiga,12.500
1977,DERIVADOS,Filtrado,-
1977,DERIVADOS,Frisante,-
1977,DERIVADOS,Vinho leve,-
1977,DERIVADOS,Vinho licoroso,-
1977,DERIVADOS,Brandy,-
1977,DERIVADOS,Destilado,-
1977,DERIVADOS,Bagaceira,828.000
1977,DERIVADOS,Licor de bagaceira,-
1977,DERIVADOS,Vinagre,-
1977,DERIVADOS,Borra líquida,-
1977,DERIVADOS,Borra seca,-
1977,DERIVADOS,Vinho Composto,-
1977,DERIVADOS,Pisco,-
1977,DERIVADOS,Vinho orgânico,-
1977,DERIVADOS,Espumante orgânico,-
1977,DERIVADOS,Destilado alcoólico simples de bagaceira,-
1977,DERIVADOS,Vinho acidificado,-
1977,DERIVADOS,Mosto parcialmente fermentado,-
1977,DERIVADOS,Outros derivados,-
1978,VINHO DE MESA,-,200.053.669
1978,VINHO DE MESA,Tinto,162.917.363
1978,VINHO DE MESA,Branco,5.079.748
1978,VINHO DE MESA,Rosado,32.056.558
1978,VINHO FINO DE MESA (VINIFERA),-,36.750.933
1978,VINHO FINO DE MESA (VINIFERA),Tinto,15.000.671
1978,VINHO FINO DE MESA (VINIFERA),Branco,17.640.081
1978,VINHO FINO DE MESA (VINIFERA),Rosado,4.110.181
1978,SUCO,-,-
1978,SUCO,Suco de uva integral,-
1978,SUCO,Suco de uva concentrado,-
1978,SUCO,Suco de uva adoçado,-
1978,SUCO,Suco de uva orgânico,-
1978,SUCO,Suco de uva reconstituído,-
1978,DERIVADOS,-,41.607.777
1978,DERIVADOS,Espumante,-
1978,DERIVADOS,Espumante moscatel,-
1978,DERIVADOS,Base espumante,-
1978,DERIVADOS,Base espumante moscatel,-
1978,DERIVADOS,Base Champenoise champanha,-
1978,DERIVADOS,Base Charmat champanha,-
1978,DERIVADOS,Bebida de uva,-
1978,DERIVADOS,Polpa de uva,-
1978,DERIVADOS,Mosto simples,40.052.456
1978,DERIVADOS,Mosto concentrado,-
1978,DERIVADOS,Mosto de uva com bagaço,-
1978,DERIVADOS,Mosto dessulfitado,-
1978,DERIVADOS,Mistelas,242.150
1978,DERIVADOS,Néctar de uva,-
1978,DERIVADOS,Licorosos,479.971
1978,DERIVADOS,Compostos,75.000
1978,DERIVADOS,Jeropiga,60.000
1978,DERIVADOS,Filtrado,-
1978,DERIVADOS,Frisante,-
1978,DERIVADOS,Vinho leve,-
1978,DERIVADOS,Vinho licoroso,-
1978,DERIVADOS,Brandy,-
1978,DERIVADOS,Destilado,-
1978,DERIVADOS,Bagaceira,698.200
1978,DERIVADOS,Licor de bagaceira,-
1978,DERIVADOS,Vinagre,-
1978,DERIVADOS,Borra líquida,-
1978,DERIVADOS,Borra seca,-
1978,DERIVADOS,Vinho Composto,-
1978,DERIVADOS,Pisco,-
1978,DERIVADOS,Vinho orgânico,-
1978,DERIVADOS,Espumante orgânico,-
1978,DERIVADOS,Destilado alcoólico simples de bagaceira,-
1978,DERIVADOS,Vinho acidificado,-
1978,DERIVADOS,Mosto parcialmente fermentado,-
1978,DERIVADOS,Outros derivados,-
1979,VINHO DE MESA,-,211.252.982
1979,VINHO DE MESA,Tinto,154.736.439
1979,VINHO DE MESA,Branco,7.146.395
1979,VINHO DE MESA,Rosado,49.370.148
1979,VINHO FINO DE MESA (VINIFERA),-,46.129.710
1979,VINHO FINO DE MESA (VINIFERA),Tinto,14.356.453
1979,VINHO FINO DE MESA (VINIFERA),Branco,25.727.132
1979,VINHO FINO DE MESA (VINIFERA),Rosado,6.046.125
1979,SUCO,-,-
1979,SUCO,Suco de uva integral,-
1979,SUCO,Suco de uva concentrado,-
1979,SUCO,Suco de uva adoçado,-
1979,SUCO,Suco de uva orgânico,-
1979,SUCO,Suco de uva reconstituído,-
1979,DERIVADOS,-,35.370.846
1979,DERIVADOS,Espumante,-
1979,DERIVADOS,Espumante moscatel,-
1979,DERIVADOS,Base espumante,-
1979,DERIVADOS,Base espumante moscatel,-
1979,DERIVADOS,Base Champenoise champanha,-
1979,DERIVADOS,Base Charmat champanha,-
1979,DERIVADOS,Bebida de uva,-
1979,DERIVADOS,Polpa de uva,-
1979,DERIVADOS,Mosto simples,34.318.456
1979,DERIVADOS,Mosto concentrado,-
1979,DERIVADOS,Mosto de uva com bagaço,-
1979,DERIVADOS,Mosto dessulfitado,-
1979,DERIVADOS,Mistelas,60.300
1979,DERIVADOS,Néctar de uva,-
1979,DERIVADOS,Licorosos,34.000
1979,DERIVADOS,Compostos,-
1979,DERIVADOS,Jeropiga,20.000
1979,DERIVADOS,Filtrado,-
1979,DERIVADOS,Frisante,-
1979,DERIVADOS,Vinho leve,-
1979,DERIVADOS,Vinho licoroso,-
1979,DERIVADOS,Brandy,-
1979,DERIVADOS,Destilado,-
1979,DERIVADOS,Bagaceira,938.090
1979,DERIVADOS,Licor de bagaceira,-
1979,DERIVADOS,Vinagre,-
1979,DERIVADOS,Borra líquida,-
1979,DERIVADOS,Borra seca,-
1979,DERIVADOS,Vinho Composto,-
1979,DERIVADOS,Pisco,-
1979,DERIVADOS,Vinho orgânico,-
1979,DERIVADOS,Espumante orgânico,-
1979,DERIVADOS,Destilado alcoólico simples de bagaceira,-
1979,DERIVADOS,Vinho acidificado,-
1979,DERIVADOS,Mosto parcialmente fermentado,-
1979,DERIVADOS,Outros derivados,-
1980,VINHO DE MESA,-,130.308.185
1980,VINHO DE MESA,Tinto,101.659.755
1980,VINHO DE MESA,Branco,5.363.452
1980,VINHO DE MESA,Rosado,23.284.978
1980,VINHO FINO DE MESA (VINIFERA),-,31.740.663
1980,VINHO FINO DE MESA (VINIFERA),Tinto,9.296.741
1980,VINHO FINO DE MESA (VINIFERA),Branco,19.326.572
1980,VINHO FINO DE MESA (VINIFERA),Rosado,3.117.350
1980,SUCO,-,-
1980,SUCO,Suco de uva integral,-
1980,SUCO,Suco de uva concentrado,-
1980,SUCO,Suco de uva adoçado,-
1980,SUCO,Suco de uva orgânico,-
1980,SUCO,Suco de uva reconstituído,-
1980,DERIVADOS,-,37.553.414
1980,DERIVADOS,Espumante,-
1980,DERIVADOS,Espumante moscatel,-
1980,DERIVADOS,Base espumante,-
1980,DERIVADOS,Base espumante moscatel,-
1980,DERIVADOS,Base Champenoise champanha,-
1980,DERIVADOS,Base Charmat champanha,-
1980,DERIVADOS,Bebida de uva,-
1980,DERIVADOS,Polpa de uva,-
1980,DERIVADOS,Mosto simples,37.553.414
1980,DERIVADOS,Mosto concentrado,-
1980,DERIVADOS,Mosto de uva com bagaço,-
1980,DERIVADOS,Mosto dessulfitado,-
1980,DERIVADOS,Mistelas,-
1980,DERIVADOS,Néctar de uva,-
1980,DERIVADOS,Licorosos,-
1980,DERIVADOS,Compostos,-
1980,DERIVADOS,Jeropiga,-
1980,DERIVADOS,Filtrado,-
1980,DERIVADOS,Frisante,-
1980,DERIVADOS,Vinho leve,-
1980,DERIVADOS,Vinho licoroso,-
1980,DERIVADOS,Brandy,-
1980,DERIVADOS,Destilado,-
1980,DERIVADOS,Bagaceira,-
1980,DERIVADOS,Licor de bagaceira,-
1980,DERIVADOS,Vinagre,-
1980,DERIVADOS,Borra líquida,-
1980,DERIVADOS,Borra seca,-
1980,DERIVADOS,Vinho Composto,-
1980,DERIVADOS,Pisco,-
1980,DERIVADOS,Vinho orgânico,-
1980,DERIVADOS,Espumante orgânico,-
1980,DERIVADOS,Destilado alcoólico simples de bagaceira,-
1980,DERIVADOS,Vinho acidificado,-
1980,DERIVADOS,Mosto parcialmente fermentado,-
1980,DERIVADOS,Outros derivados,-
1981,VINHO DE MESA,-,186.129.728
1981,VINHO DE MESA,Tinto,134.156.175
1981,VINHO DE MESA,Branco,12.547.739
1981,VINHO DE MESA,Rosado,39.425.814
1981,VINHO FINO DE MESA (VINIFERA),-,49.348.047
1981,VINHO FINO DE MESA (VINIFERA),Tinto,16.036.963
1981,VINHO FINO DE MESA (VINIFERA),Branco,27.528.276
1981,VINHO FINO DE MESA (VINIFERA),Rosado,5.782.808
1981,SUCO,-,-
1981,SUCO,Suco de uva integral,-
1981,SUCO,Suco de uva concentrado,-
1981,SUCO,Suco de uva adoçado,-
1981,SUCO,Suco de uva orgânico,-
1981,SUCO,Suco de uva reconstituído,-
1981,DERIVADOS,-,52.530.037
1981,DERIVADOS,Espumante,-
1981,DERIVADOS,Espumante moscatel,-
1981,DERIVADOS,Base espumante,-
1981,DERIVADOS,Base espumante moscatel,-
1981,DERIVADOS,Base Champenoise champanha,-
1981,DERIVADOS,Base Charmat champanha,-
1981,DERIVADOS,Bebida de uva,-
1981,DERIVADOS,Polpa de uva,-
1981,DERIVADOS,Mosto simples,48.762.185
1981,DERIVADOS,Mosto concentrado,-
1981,DERIVADOS,Mosto de uva com bagaço,-
1981,DERIVADOS,Mosto dessulfitado,-
1981,DERIVADOS,Mistelas,-
1981,DERIVADOS,Néctar de uva,-
1981,DERIVADOS,Licorosos,-
1981,DERIVADOS,Compostos,-
1981,DERIVADOS,Jeropiga,-
1981,DERIVADOS,Filtrado,-
1981,DERIVADOS,Frisante,-
1981,DERIVADOS,Vinho leve,-
1981,DERIVADOS,Vinho licoroso,-
1981,DERIVADOS,Brandy,-
1981,DERIVADOS,Destilado,-
1981,DERIVADOS,Bagaceira,-
1981,DERIVADOS,Licor de bagaceira,-
1981,DERIVADOS,Vinagre,-
1981,DERIVADOS,Borra líquida,3.767.852
1981,DERIVADOS,Borra seca,-
1981,DERIVADOS,Vinho Composto,-
1981,DERIVADOS,Pisco,-
1981,DERIVADOS,Vinho orgânico,-
1981,DERIVADOS,Espumante orgânico,-
1981,DERIVADOS,Destilado alcoólico simples de bagaceira,-
1981,DERIVADOS,Vinho acidificado,-
1981,DERIVADOS,Mosto parcialmente fermentado,-
1981,DERIVADOS,Outros derivados,-
1982,VINHO DE MESA,-,234.754.564
1982,VINHO DE MESA,Tinto,183.349.460
1982,VINHO DE MESA,Branco,15.782.499
1982,VINHO DE MESA,Rosado,35.622.605
1982,VINHO FINO DE MESA (VINIFERA),-,57.453.581
1982,VINHO FINO DE MESA (VINIFERA),Tinto,19.987.588
1982,VINHO FINO DE MESA (VINIFERA),Branco,34.423.412
1982,VINHO FINO DE MESA (VINIFERA),Rosado,3.042.581
1982,SUCO,-,-
1982,SUCO,Suco de uva integral,-
1982,SUCO,Suco de uva concentrado,-
1982,SUCO,Suco de uva adoçado,-
1982,SUCO,Suco de uva orgânico,-
1982,SUCO,Suco de uva reconstituído,-
1982,DERIVADOS,-,37.506.770
1982,DERIVADOS,Espumante,-
1982,DERIVADOS,Espumante moscatel,-
1982,DERIVADOS,Base espumante,-
1982,DERIVADOS,Base espumante moscatel,-
1982,DERIVADOS,Base Champenoise champanha,-
1982,DERIVADOS,Base Charmat champanha,-
1982,DERIVADOS,Bebida de uva,-
1982,DERIVADOS,Polpa de uva,-
1982,DERIVADOS,Mosto simples,37.506.770
1982,DERIVADOS,Mosto concentrado,-
1982,DERIVADOS,Mosto de uva com bagaço,-
1982,DERIVADOS,Mosto dessulfitado,-
1982,DERIVADOS,Mistelas,-
1982,DERIVADOS,Néctar de uva,-
1982,DERIVADOS,Licorosos,-
1982,DERIVADOS,Compostos,-
1982,DERIVADOS,Jeropiga,-
1982,DERIVADOS,Filtrado,-
1982,DERIVADOS,Frisante,-
1982,DERIVADOS,Vinho leve,-
1982,DERIVADOS,Vinho licoroso,-
1982,DERIVADOS,Brandy,-
1982,DERIVADOS,Destilado,-
1982,DERIVADOS,Bagaceira,-
1982,DERIVADOS,Licor de bagaceira,-
1982,DERIVADOS,Vinagre,-
1982,DERIVADOS,Borra líquida,-
1982,DERIVADOS,Borra seca,-
1982,DERIVADOS,Vinho Composto,-
1982,DERIVADOS,Pisco,-
1982,DERIVADOS,Vinho orgânico,-
1982,DERIVADOS,Espumante orgânico,-
1982,DERIVADOS,Destilado alcoólico simples de bagaceira,-
1982,DERIVADOS,Vinho acidificado,-
1982,DERIVADOS,Mosto parcialmente fermentado,-
1982,DERIVADOS,Outros derivados,-
1983,VINHO DE MESA,-,120.261.544
1983,VINHO DE MESA,Tinto,87.080.528
1983,VINHO DE MESA,Branco,12.191.896
1983,VINHO DE MESA,Rosado,20.989.120
1983,VINHO FINO DE MESA (VINIFERA),-,40.616.812
1983,VINHO FINO DE MESA (VINIFERA),Tinto,14.340.514
1983,VINHO FINO DE MESA (VINIFERA),Branco,24.164.361
1983,VINHO FINO DE MESA (VINIFERA),Rosado,2.111.937
1983,SUCO,-,-
1983,SUCO,Suco de uva integral,-
1983,SUCO,Suco de uva concentrado,-
1983,SUCO,Suco de uva adoçado,-
1983,SUCO,Suco de uva orgânico,-
1983,SUCO,Suco de uva reconstituído,-
1983,DERIVADOS,-,27.314.628
1983,DERIVADOS,Espumante,-
1983,DERIVADOS,Espumante moscatel,-
1983,DERIVADOS,Base espumante,-
1983,DERIVADOS,Base espumante moscatel,-
1983,DERIVADOS,Base Champenoise champanha,-
1983,DERIVADOS,Base Charmat champanha,-
1983,DERIVADOS,Bebida de uva,-
1983,DERIVADOS,Polpa de uva,-
1983,DERIVADOS,Mosto simples,27.314.628
1983,DERIVADOS,Mosto concentrado,-
1983,DERIVADOS,Mosto de uva com bagaço,-
1983,DERIVADOS,Mosto dessulfitado,-
1983,DERIVADOS,Mistelas,-
1983,DERIVADOS,Néctar de uva,-
1983,DERIVADOS,Licorosos,-
1983,DERIVADOS,Compostos,-
1983,DERIVADOS,Jeropiga,-
1983,DERIVADOS,Filtrado,-
1983,DERIVADOS,Frisante,-
1983,DERIVADOS,Vinho leve,-
1983,DERIVADOS,Vinho licoroso,-
1983,DERIVADOS,Brandy,-
1983,DERIVADOS,Destilado,-
1983,DERIVADOS,Bagaceira,-
1983,DERIVADOS,Licor de bagaceira,-
1983,DERIVADOS,Vinagre,-
1983,DERIVADOS,Borra líquida,-
1983,DERIVADOS,Borra seca,-
1983,DERIVADOS,Vinho Composto,-
1983,DERIVADOS,Pisco,-
1983,DERIVADOS,Vinho orgânico,-
1983,DERIVADOS,Espumante orgânico,-
1983,DERIVADOS,Destilado alcoólico simples de bagaceira,-
1983,DERIVADOS,Vinho acidificado,-
1983,DERIVADOS,Mosto parcialmente fermentado,-
1983,DERIVADOS,Outros derivados,-
1984,VINHO DE MESA,-,177.680.331
1984,VINHO DE MESA,Tinto,119.615.028
1984,VINHO DE MESA,Branco,19.502.230
1984,VINHO DE MESA,Rosado,38.563.073
1984,VINHO FINO DE MESA (VINIFERA),-,48.289.279
1984,VINHO FINO DE MESA (VINIFERA),Tinto,15.777.602
1984,VINHO FINO DE MESA (VINIFERA),Branco,30.395.959
1984,VINHO FINO DE MESA (VINIFERA),Rosado,2.115.718
1984,SUCO,-,-
1984,SUCO,Suco de uva integral,-
1984,SUCO,Suco de uva concentrado,-
1984,SUCO,Suco de uva adoçado,-
1984,SUCO,Suco de uva orgânico,-
1984,SUCO,Suco de uva reconstituído,-
1984,DERIVADOS,-,17.331.744
1984,DERIVADOS,Espumante,-
1984,DERIVADOS,Espumante moscatel,-
1984,DERIVADOS,Base espumante,-
1984,DERIVADOS,Base espumante moscatel,-
1984,DERIVADOS,Base Champenoise champanha,-
1984,DERIVADOS,Base Charmat champanha,-
1984,DERIVADOS,Bebida de uva,-
1984,DERIVADOS,Polpa de uva,-
1984,DERIVADOS,Mosto simples,17.331.744
1984,DERIVADOS,Mosto concentrado,-
1984,DERIVADOS,Mosto de uva com bagaço,-
1984,DERIVADOS,Mosto dessulfitado,-
1984,DERIVADOS,Mistelas,-
1984,DERIVADOS,Néctar de uva,-
1984,DERIVADOS,Licorosos,-
1984,DERIVADOS,Compostos,-
1984,DERIVADOS,Jeropiga,-
1984,DERIVADOS,Filtrado,-
1984,DERIVADOS,Frisante,-
1984,DERIVADOS,Vinho leve,-
1984,DERIVADOS,Vinho licoroso,-
1984,DERIVADOS,Brandy,-
1984,DERIVADOS,Destilado,-
1984,DERIVADOS,Bagaceira,-
1984,DERIVADOS,Licor de bagaceira,-
1984,DERIVADOS,Vinagre,-
1984,DERIVADOS,Borra líquida,-
1984,DERIVADOS,Borra seca,-
1984,DERIVADOS,Vinho Composto,-
1984,DERIVADOS,Pisco,-
1984,DERIVADOS,Vinho orgânico,-
1984,DERIVADOS,Espumante orgânico,-
1984,DERIVADOS,Destilado alcoólico simples de bagaceira,-
1984,DERIVADOS,Vinho acidificado,-
1984,DERIVADOS,Mosto parcialmente fermentado,-
1984,DERIVADOS,Outros derivados,-
1985,VINHO DE MESA,-,275.338.955
1985,VINHO DE MESA,Tinto,216.732.390
1985,VINHO DE MESA,Branco,23.010.666
1985,VINHO DE MESA,Rosado,35.595.899
1985,VINHO FINO DE MESA (VINIFERA),-,67.035.393
1985,VINHO FINO DE MESA (VINIFERA),Tinto,19.347.979
1985,VINHO FINO DE MESA (VINIFERA),Branco,44.679.484
1985,VINHO FINO DE MESA (VINIFERA),Rosado,3.007.930
1985,SUCO,-,6.631.667
1985,SUCO,Suco de uva integral,3.544.706
1985,SUCO,Suco de uva concentrado,3.086.961
1985,SUCO,Suco de uva adoçado,-
1985,SUCO,Suco de uva orgânico,-
1985,SUCO,Suco de uva reconstituído,-
1985,DERIVADOS,-,17.336.419
1985,DERIVADOS,Espumante,-
1985,DERIVADOS,Espumante moscatel,-
1985,DERIVADOS,Base espumante,-
1985,DERIVADOS,Base espumante moscatel,-
1985,DERIVADOS,Base Champenoise champanha,-
1985,DERIVADOS,Base Charmat champanha,-
1985,DERIVADOS,Bebida de uva,-
1985,DERIVADOS,Polpa de uva,-
1985,DERIVADOS,Mosto simples,10.637.557
1985,DERIVADOS,Mosto concentrado,354.707
1985,DERIVADOS,Mosto de uva com bagaço,-
1985,DERIVADOS,Mosto dessulfitado,-
1985,DERIVADOS,Mistelas,-
1985,DERIVADOS,Néctar de uva,-
1985,DERIVADOS,Licorosos,-
1985,DERIVADOS,Compostos,-
1985,DERIVADOS,Jeropiga,234.500
1985,DERIVADOS,Filtrado,-
1985,DERIVADOS,Frisante,-
1985,DERIVADOS,Vinho leve,-
1985,DERIVADOS,Vinho licoroso,-
1985,DERIVADOS,Brandy,13.000
1985,DERIVADOS,Destilado,342.650
1985,DERIVADOS,Bagaceira,299.500
1985,DERIVADOS,Licor de bagaceira,-
1985,DERIVADOS,Vinagre,104.707
1985,DERIVADOS,Borra líquida,5.095.798
1985,DERIVADOS,Borra seca,-
1985,DERIVADOS,Vinho Composto,-
1985,DERIVADOS,Pisco,-
1985,DERIVADOS,Vinho orgânico,254.000
1985,DERIVADOS,Espumante orgânico,-
1985,DERIVADOS,Destilado alcoólico simples de bagaceira,-
1985,DERIVADOS,Vinho acidificado,-
1985,DERIVADOS,Mosto parcialmente fermentado,-
1985,DERIVADOS,Outros derivados,-
1986,VINHO DE MESA,-,157.711.522
1986,VINHO DE MESA,Tinto,118.766.694
1986,VINHO DE MESA,Branco,16.872.183
1986,VINHO DE MESA,Rosado,22.072.645
1986,VINHO FINO DE MESA (VINIFERA),-,48.559.180
1986,VINHO FINO DE MESA (VINIFERA),Tinto,12.282.967
1986,VINHO FINO DE MESA (VINIFERA),Branco,34.794.145
1986,VINHO FINO DE MESA (VINIFERA),Rosado,1.482.068
1986,SUCO,-,4.313.768
1986,SUCO,Suco de uva integral,2.116.507
1986,SUCO,Suco de uva concentrado,2.197.261
1986,SUCO,Suco de uva adoçado,-
1986,SUCO,Suco de uva orgânico,-
1986,SUCO,Suco de uva reconstituído,-
1986,DERIVADOS,-,14.785.645
1986,DERIVADOS,Espumante,-
1986,DERIVADOS,Espumante moscatel,-
1986,DERIVADOS,Base espumante,-
1986,DERIVADOS,Base espumante moscatel,-
1986,DERIVADOS,Base Champenoise champanha,-
1986,DERIVADOS,Base Charmat champanha,-
1986,DERIVADOS,Bebida de uva,-
1986,DERIVADOS,Polpa de uva,-
1986,DERIVADOS,Mosto simples,7.031.320
1986,DERIVADOS,Mosto concentrado,295.800
1986,DERIVADOS,Mosto de uva com bagaço,-
1986,DERIVADOS,Mosto dessulfitado,-
1986,DERIVADOS,Mistelas,378.400
1986,DERIVADOS,Néctar de uva,-
1986,DERIVADOS,Licorosos,-
1986,DERIVADOS,Compostos,-
1986,DERIVADOS,Jeropiga,173.000
1986,DERIVADOS,Filtrado,-
1986,DERIVADOS,Frisante,-
1986,DERIVADOS,Vinho leve,-
1986,DERIVADOS,Vinho licoroso,-
1986,DERIVADOS,Brandy,-
1986,DERIVADOS,Destilado,222.230
1986,DERIVADOS,Bagaceira,156.100
1986,DERIVADOS,Licor de bagaceira,-
1986,DERIVADOS,Vinagre,-
1986,DERIVADOS,Borra líquida,6.357.648
1986,DERIVADOS,Borra seca,-
1986,DERIVADOS,Vinho Composto,-
1986,DERIVADOS,Pisco,-
1986,DERIVADOS,Vinho orgânico,171.147
1986,DERIVADOS,Espumante orgânico,-
1986,DERIVADOS,Destilado alcoólico simples de bagaceira,-
1986,DERIVADOS,Vinho acidificado,-
1986,DERIVADOS,Mosto parcialmente fermentado,-
1986,DERIVADOS,Outros derivados,-
1987,VINHO DE MESA,-,150.467.184
1987,VINHO DE MESA,Tinto,97.841.160
1987,VINHO DE MESA,Branco,27.497.857
1987,VINHO DE MESA,Rosado,25.128.167
1987,VINHO FINO DE MESA (VINIFERA),-,47.301.266
1987,VINHO FINO DE MESA (VINIFERA),Tinto,10.920.073
1987,VINHO FINO DE MESA (VINIFERA),Branco,35.432.544
1987,VINHO FINO DE MESA (VINIFERA),Rosado,948.649
1987,SUCO,-,5.469.016
1987,SUCO,Suco de uva integral,2.262.240
1987,SUCO,Suco de uva concentrado,3.206.776
1987,SUCO,Suco de uva adoçado,-
1987,SUCO,Suco de uva orgânico,-
1987,SUCO,Suco de uva reconstituído,-
1987,DERIVADOS,-,14.905.862
1987,DERIVADOS,Espumante,-
1987,DERIVADOS,Espumante moscatel,-
1987,DERIVADOS,Base espumante,-
1987,DERIVADOS,Base espumante moscatel,-
1987,DERIVADOS,Base Champenoise champanha,-
1987,DERIVADOS,Base Charmat champanha,-
1987,DERIVADOS,Bebida de uva,-
1987,DERIVADOS,Polpa de uva,-
1987,DERIVADOS,Mosto simples,7.821.040
1987,DERIVADOS,Mosto concentrado,400.500
1987,DERIVADOS,Mosto de uva com bagaço,-
1987,DERIVADOS,Mosto dessulfitado,-
1987,DERIVADOS,Mistelas,402.600
1987,DERIVADOS,Néctar de uva,-
1987,DERIVADOS,Licorosos,-
1987,DERIVADOS,Compostos,-
1987,DERIVADOS,Jeropiga,122.000
1987,DERIVADOS,Filtrado,-
1987,DERIVADOS,Frisante,-
1987,DERIVADOS,Vinho leve,-
1987,DERIVADOS,Vinho licoroso,-
1987,DERIVADOS,Brandy,-
1987,DERIVADOS,Destilado,472.576
1987,DERIVADOS,Bagaceira,325.600
1987,DERIVADOS,Licor de bagaceira,-
1987,DERIVADOS,Vinagre,-
1987,DERIVADOS,Borra líquida,5.142.446
1987,DERIVADOS,Borra seca,-
1987,DERIVADOS,Vinho Composto,-
1987,DERIVADOS,Pisco,-
1987,DERIVADOS,Vinho orgânico,219.100
1987,DERIVADOS,Espumante orgânico,-
1987,DERIVADOS,Destilado alcoólico simples de bagaceira,-
1987,DERIVADOS,Vinho acidificado,-
1987,DERIVADOS,Mosto parcialmente fermentado,-
1987,DERIVADOS,Outros derivados,-
1988,VINHO DE MESA,-,244.791.058
1988,VINHO DE MESA,Tinto,173.747.942
1988,VINHO DE MESA,Branco,32.660.045
1988,VINHO DE MESA,Rosado,38.383.071
1988,VINHO FINO DE MESA (VINIFERA),-,76.560.765
1988,VINHO FINO DE MESA (VINIFERA),Tinto,18.690.518
1988,VINHO FINO DE MESA (VINIFERA),Branco,56.441.847
1988,VINHO FINO DE MESA (VINIFERA),Rosado,1.428.400
1988,SUCO,-,7.586.870
1988,SUCO,Suco de uva integral,2.018.000
1988,SUCO,Suco de uva concentrado,5.568.870
1988,SUCO,Suco de uva adoçado,-
1988,SUCO,Suco de uva orgânico,-
1988,SUCO,Suco de uva reconstituído,-
1988,DERIVADOS,-,19.644.584
1988,DERIVADOS,Espumante,76.000
1988,DERIVADOS,Espumante moscatel,-
1988,DERIVADOS,Base espumante,-
1988,DERIVADOS,Base espumante moscatel,-
1988,DERIVADOS,Base Champenoise champanha,-
1988,DERIVADOS,Base Charmat champanha,-
1988,DERIVADOS,Bebida de uva,-
1988,DERIVADOS,Polpa de uva,-
1988,DERIVADOS,Mosto simples,16.544.460
1988,DERIVADOS,Mosto concentrado,384.200
1988,DERIVADOS,Mosto de uva com bagaço,-
1988,DERIVADOS,Mosto dessulfitado,-
1988,DERIVADOS,Mistelas,196.000
1988,DERIVADOS,Néctar de uva,-
1988,DERIVADOS,Licorosos,3.000
1988,DERIVADOS,Compostos,2.000
1988,DERIVADOS,Jeropiga,61.000
1988,DERIVADOS,Filtrado,88.000
1988,DERIVADOS,Frisante,-
1988,DERIVADOS,Vinho leve,-
1988,DERIVADOS,Vinho licoroso,-
1988,DERIVADOS,Brandy,5.216
1988,DERIVADOS,Destilado,287.220
1988,DERIVADOS,Bagaceira,29.000
1988,DERIVADOS,Licor de bagaceira,-
1988,DERIVADOS,Vinagre,-
1988,DERIVADOS,Borra líquida,1.953.488
1988,DERIVADOS,Borra seca,-
1988,DERIVADOS,Vinho Composto,-
1988,DERIVADOS,Pisco,-
1988,DERIVADOS,Vinho orgânico,15.000
1988,DERIVADOS,Espumante orgânico,-
1988,DERIVADOS,Destilado alcoólico simples de bagaceira,-
1988,DERIVADOS,Vinho acidificado,-
1988,DERIVADOS,Mosto parcialmente fermentado,-
1988,DERIVADOS,Outros derivados,-
1989,VINHO DE MESA,-,181.801.961
1989,VINHO DE MESA,Tinto,136.931.173
1989,VINHO DE MESA,Branco,24.603.265
1989,VINHO DE MESA,Rosado,20.267.523
1989,VINHO FINO DE MESA (VINIFERA),-,72.772.144
1989,VINHO FINO DE MESA (VINIFERA),Tinto,16.140.751
1989,VINHO FINO DE MESA (VINIFERA),Branco,54.983.093
1989,VINHO FINO DE MESA (VINIFERA),Rosado,1.648.300
1989,SUCO,-,6.923.183
1989,SUCO,Suco de uva integral,2.824.600
1989,SUCO,Suco de uva concentrado,4.098.583
1989,SUCO,Suco de uva adoçado,-
1989,SUCO,Suco de uva orgânico,-
1989,SUCO,Suco de uva reconstituído,-
1989,DERIVADOS,-,12.004.574
1989,DERIVADOS,Espumante,-
1989,DERIVADOS,Espumante moscatel,-
1989,DERIVADOS,Base espumante,-
1989,DERIVADOS,Base espumante moscatel,-
1989,DERIVADOS,Base Champenoise champanha,-
1989,DERIVADOS,Base Charmat champanha,-
1989,DERIVADOS,Bebida de uva,-
1989,DERIVADOS,Polpa de uva,-
1989,DERIVADOS,Mosto simples,8.141.100
1989,DERIVADOS,Mosto concentrado,732.470
1989,DERIVADOS,Mosto de uva com bagaço,-
1989,DERIVADOS,Mosto dessulfitado,-
1989,DERIVADOS,Mistelas,32.000
1989,DERIVADOS,Néctar de uva,-
1989,DERIVADOS,Licorosos,20.000
1989,DERIVADOS,Compostos,1.900
1989,DERIVADOS,Jeropiga,42.000
1989,DERIVADOS,Filtrado,39.000
1989,DERIVADOS,Frisante,-
1989,DERIVADOS,Vinho leve,249.000
1989,DERIVADOS,Vinho licoroso,-
1989,DERIVADOS,Brandy,6.500
1989,DERIVADOS,Destilado,176.800
1989,DERIVADOS,Bagaceira,52.000
1989,DERIVADOS,Licor de bagaceira,-
1989,DERIVADOS,Vinagre,-
1989,DERIVADOS,Borra líquida,2.426.804
1989,DERIVADOS,Borra seca,-
1989,DERIVADOS,Vinho Composto,-
1989,DERIVADOS,Pisco,-
1989,DERIVADOS,Vinho orgânico,85.000
1989,DERIVADOS,Espumante orgânico,-
1989,DERIVADOS,Destilado alcoólico simples de bagaceira,-
1989,DERIVADOS,Vinho acidificado,-
1989,DERIVADOS,Mosto parcialmente fermentado,-
1989,DERIVADOS,Outros derivados,-
1990,VINHO DE MESA,-,210.548.199
1990,VINHO DE MESA,Tinto,154.359.897
1990,VINHO DE MESA,Branco,33.512.030
1990,VINHO DE MESA,Rosado,22.676.272
1990,VINHO FINO DE MESA (VINIFERA),-,73.689.124
1990,VINHO FINO DE MESA (VINIFERA),Tinto,17.750.504
1990,VINHO FINO DE MESA (VINIFERA),Branco,52.080.420
1990,VINHO FINO DE MESA (VINIFERA),Rosado,3.858.200
1990,SUCO,-,10.423.252
1990,SUCO,Suco de uva integral,2.848.560
1990,SUCO,Suco de uva concentrado,7.574.692
1990,SUCO,Suco de uva adoçado,-
1990,SUCO,Suco de uva orgânico,-
1990,SUCO,Suco de uva reconstituído,-
1990,DERIVADOS,-,16.191.621
1990,DERIVADOS,Espumante,-
1990,DERIVADOS,Espumante moscatel,-
1990,DERIVADOS,Base espumante,-
1990,DERIVADOS,Base espumante moscatel,-
1990,DERIVADOS,Base Champenoise champanha,-
1990,DERIVADOS,Base Charmat champanha,-
1990,DERIVADOS,Bebida de uva,-
1990,DERIVADOS,Polpa de uva,-
1990,DERIVADOS,Mosto simples,13.307.690
1990,DERIVADOS,Mosto concentrado,1.098.250
1990,DERIVADOS,Mosto de uva com bagaço,-
1990,DERIVADOS,Mosto dessulfitado,-
1990,DERIVADOS,Mistelas,149.000
1990,DERIVADOS,Néctar de uva,-
1990,DERIVADOS,Licorosos,24.300
1990,DERIVADOS,Compostos,-
1990,DERIVADOS,Jeropiga,-
1990,DERIVADOS,Filtrado,11.000
1990,DERIVADOS,Frisante,-
1990,DERIVADOS,Vinho leve,264.000
1990,DERIVADOS,Vinho licoroso,-
1990,DERIVADOS,Brandy,-
1990,DERIVADOS,Destilado,-
1990,DERIVADOS,Bagaceira,55.000
1990,DERIVADOS,Licor de bagaceira,-
1990,DERIVADOS,Vinagre,-
1990,DERIVADOS,Borra líquida,1.282.381
1990,DERIVADOS,Borra seca,-
1990,DERIVADOS,Vinho Composto,-
1990,DERIVADOS,Pisco,-
1990,DERIVADOS,Vinho orgânico,-
1990,DERIVADOS,Espumante orgânico,-
1990,DERIVADOS,Destilado alcoólico simples de bagaceira,-
1990,DERIVADOS,Vinho acidificado,-
1990,DERIVADOS,Mosto parcialmente fermentado,-
1990,DERIVADOS,Outros derivados,-
1991,VINHO DE MESA,-,126.768.254
1991,VINHO DE MESA,Tinto,90.320.836
1991,VINHO DE MESA,Branco,25.046.588
1991,VINHO DE MESA,Rosado,11.400.830
1991,VINHO FINO DE MESA (VINIFERA),-,45.519.167
1991,VINHO FINO DE MESA (VINIFERA),Tinto,12.001.895
1991,VINHO FINO DE MESA (VINIFERA),Branco,33.307.472
1991,VINHO FINO DE MESA (VINIFERA),Rosado,209.800
1991,SUCO,-,11.324.462
1991,SUCO,Suco de uva integral,3.609.000
1991,SUCO,Suco de uva concentrado,7.715.462
1991,SUCO,Suco de uva adoçado,-
1991,SUCO,Suco de uva orgânico,-
1991,SUCO,Suco de uva reconstituído,-
1991,DERIVADOS,-,20.352.398
1991,DERIVADOS,Espumante,-
1991,DERIVADOS,Espumante moscatel,-
1991,DERIVADOS,Base espumante,-
1991,DERIVADOS,Base espumante moscatel,-
1991,DERIVADOS,Base Champenoise champanha,-
1991,DERIVADOS,Base Charmat champanha,-
1991,DERIVADOS,Bebida de uva,-
1991,DERIVADOS,Polpa de uva,-
1991,DERIVADOS,Mosto simples,17.407.568
1991,DERIVADOS,Mosto concentrado,921.400
1991,DERIVADOS,Mosto de uva com bagaço,-
1991,DERIVADOS,Mosto dessulfitado,-
1991,DERIVADOS,Mistelas,-
1991,DERIVADOS,Néctar de uva,-
1991,DERIVADOS,Licorosos,11.500
1991,DERIVADOS,Compostos,-
1991,DERIVADOS,Jeropiga,-
1991,DERIVADOS,Filtrado,18.000
1991,DERIVADOS,Frisante,-
1991,DERIVADOS,Vinho leve,192.800
1991,DERIVADOS,Vinho licoroso,-
1991,DERIVADOS,Brandy,-
1991,DERIVADOS,Destilado,-
1991,DERIVADOS,Bagaceira,15.000
1991,DERIVADOS,Licor de bagaceira,-
1991,DERIVADOS,Vinagre,-
1991,DERIVADOS,Borra líquida,1.649.130
1991,DERIVADOS,Borra seca,-
1991,DERIVADOS,Vinho Composto,-
1991,DERIVADOS,Pisco,-
1991,DERIVADOS,Vinho orgânico,137.000
1991,DERIVADOS,Espumante orgânico,-
1991,DERIVADOS,Destilado alcoólico simples de bagaceira,-
1991,DERIVADOS,Vinho acidificado,-
1991,DERIVADOS,Mosto parcialmente fermentado,-
1991,DERIVADOS,Outros derivados,-
1992,VINHO DE MESA,-,163.248.419
1992,VINHO DE MESA,Tinto,118.638.894
1992,VINHO DE MESA,Branco,25.446.255
1992,VINHO DE MESA,Rosado,19.163.270
1992,VINHO FINO DE MESA (VINIFERA),-,52.612.778
1992,VINHO FINO DE MESA (VINIFERA),Tinto,13.449.911
1992,VINHO FINO DE MESA (VINIFERA),Branco,38.856.367
1992,VINHO FINO DE MESA (VINIFERA),Rosado,306.500
1992,SUCO,-,10.797.624
1992,SUCO,Suco de uva integral,4.033.698
1992,SUCO,Suco de uva concentrado,6.763.926
1992,SUCO,Suco de uva adoçado,-
1992,SUCO,Suco de uva orgânico,-
1992,SUCO,Suco de uva reconstituído,-
1992,DERIVADOS,-,29.469.940
1992,DERIVADOS,Espumante,11.000
1992,DERIVADOS,Espumante moscatel,-
1992,DERIVADOS,Base espumante,-
1992,DERIVADOS,Base espumante moscatel,-
1992,DERIVADOS,Base Champenoise champanha,-
1992,DERIVADOS,Base Charmat champanha,-
1992,DERIVADOS,Bebida de uva,-
1992,DERIVADOS,Polpa de uva,-
1992,DERIVADOS,Mosto simples,27.491.540
1992,DERIVADOS,Mosto concentrado,288.900
1992,DERIVADOS,Mosto de uva com bagaço,-
1992,DERIVADOS,Mosto dessulfitado,-
1992,DERIVADOS,Mistelas,-
1992,DERIVADOS,Néctar de uva,-
1992,DERIVADOS,Licorosos,7.800
1992,DERIVADOS,Compostos,-
1992,DERIVADOS,Jeropiga,60.000
1992,DERIVADOS,Filtrado,11.000
1992,DERIVADOS,Frisante,-
1992,DERIVADOS,Vinho leve,144.500
1992,DERIVADOS,Vinho licoroso,-
1992,DERIVADOS,Brandy,-
1992,DERIVADOS,Destilado,-
1992,DERIVADOS,Bagaceira,10.000
1992,DERIVADOS,Licor de bagaceira,-
1992,DERIVADOS,Vinagre,45.000
1992,DERIVADOS,Borra líquida,1.400.200
1992,DERIVADOS,Borra seca,-
1992,DERIVADOS,Vinho Composto,-
1992,DERIVADOS,Pisco,-
1992,DERIVADOS,Vinho orgânico,-
1992,DERIVADOS,Espumante orgânico,-
1992,DERIVADOS,Destilado alcoólico simples de bagaceira,-
1992,DERIVADOS,Vinho acidificado,-
1992,DERIVADOS,Mosto parcialmente fermentado,-
1992,DERIVADOS,Outros derivados,-
1993,VINHO DE MESA,-,171.754.995
1993,VINHO DE MESA,Tinto,125.172.218
1993,VINHO DE MESA,Branco,31.986.075
1993,VINHO DE MESA,Rosado,14.596.702
1993,VINHO FINO DE MESA (VINIFERA),-,53.054.225
1993,VINHO FINO DE MESA (VINIFERA),Tinto,12.119.485
1993,VINHO FINO DE MESA (VINIFERA),Branco,40.415.898
1993,VINHO FINO DE MESA (VINIFERA),Rosado,518.842
1993,SUCO,-,12.031.753
1993,SUCO,Suco de uva integral,3.800.800
1993,SUCO,Suco de uva concentrado,8.230.953
1993,SUCO,Suco de uva adoçado,-
1993,SUCO,Suco de uva orgânico,-
1993,SUCO,Suco de uva reconstituído,-
1993,DERIVADOS,-,17.573.100
1993,DERIVADOS,Espumante,-
1993,DERIVADOS,Espumante moscatel,-
1993,DERIVADOS,Base espumante,-
1993,DERIVADOS,Base espumante moscatel,-
1993,DERIVADOS,Base Champenoise champanha,-
1993,DERIVADOS,Base Charmat champanha,-
1993,DERIVADOS,Bebida de uva,-
1993,DERIVADOS,Polpa de uva,-
1993,DERIVADOS,Mosto simples,17.218.000
1993,DERIVADOS,Mosto concentrado,355.100
1993,DERIVADOS,Mosto de uva com bagaço,-
1993,DERIVADOS,Mosto dessulfitado,-
1993,DERIVADOS,Mistelas,-
1993,DERIVADOS,Néctar de uva,-
1993,DERIVADOS,Licorosos,-
1993,DERIVADOS,Compostos,-
1993,DERIVADOS,Jeropiga,-
1993,DERIVADOS,Filtrado,-
1993,DERIVADOS,Frisante,-
1993,DERIVADOS,Vinho leve,-
1993,DERIVADOS,Vinho licoroso,-
1993,DERIVADOS,Brandy,-
1993,DERIVADOS,Destilado,-
1993,DERIVADOS,Bagaceira,-
1993,DERIVADOS,Licor de bagaceira,-
1993,DERIVADOS,Vinagre,-
1993,DERIVADOS,Borra líquida,-
1993,DERIVADOS,Borra seca,-
1993,DERIVADOS,Vinho Composto,-
1993,DERIVADOS,Pisco,-
1993,DERIVADOS,Vinho orgânico,-
1993,DERIVADOS,Espumante orgânico,-
1993,DERIVADOS,Destilado alcoólico simples de bagaceira,-
1993,DERIVADOS,Vinho acidificado,-
1993,DERIVADOS,Mosto parcialmente fermentado,-
1993,DERIVADOS,Outros derivados,-
1994,VINHO DE MESA,-,202.073.263
1994,VINHO DE MESA,Tinto,161.479.717
1994,VINHO DE MESA,Branco,28.291.853
1994,VINHO DE MESA,Rosado,12.301.693
1994,VINHO FINO DE MESA (VINIFERA),-,58.733.741
1994,VINHO FINO DE MESA (VINIFERA),Tinto,15.646.861
1994,VINHO FINO DE MESA (VINIFERA),Branco,42.419.680
1994,VINHO FINO DE MESA (VINIFERA),Rosado,667.200
1994,SUCO,-,13.343.721
1994,SUCO,Suco de uva integral,3.884.000
1994,SUCO,Suco de uva concentrado,9.459.721
1994,SUCO,Suco de uva adoçado,-
1994,SUCO,Suco de uva orgânico,-
1994,SUCO,Suco de uva reconstituído,-
1994,DERIVADOS,-,16.053.642
1994,DERIVADOS,Espumante,-
1994,DERIVADOS,Espumante moscatel,-
1994,DERIVADOS,Base espumante,-
1994,DERIVADOS,Base espumante moscatel,-
1994,DERIVADOS,Base Champenoise champanha,-
1994,DERIVADOS,Base Charmat champanha,-
1994,DERIVADOS,Bebida de uva,-
1994,DERIVADOS,Polpa de uva,-
1994,DERIVADOS,Mosto simples,10.972.700
1994,DERIVADOS,Mosto concentrado,335.500
1994,DERIVADOS,Mosto de uva com bagaço,-
1994,DERIVADOS,Mosto dessulfitado,-
1994,DERIVADOS,Mistelas,-
1994,DERIVADOS,Néctar de uva,-
1994,DERIVADOS,Licorosos,-
1994,DERIVADOS,Compostos,-
1994,DERIVADOS,Jeropiga,-
1994,DERIVADOS,Filtrado,-
1994,DERIVADOS,Frisante,-
1994,DERIVADOS,Vinho leve,-
1994,DERIVADOS,Vinho licoroso,-
1994,DERIVADOS,Brandy,-
1994,DERIVADOS,Destilado,-
1994,DERIVADOS,Bagaceira,-
1994,DERIVADOS,Licor de bagaceira,-
1994,DERIVADOS,Vinagre,-
1994,DERIVADOS,Borra líquida,-
1994,DERIVADOS,Borra seca,-
1994,DERIVADOS,Vinho Composto,-
1994,DERIVADOS,Pisco,-
1994,DERIVADOS,Vinho orgânico,4.745.442
1994,DERIVADOS,Espumante orgânico,-
1994,DERIVADOS,Destilado alcoólico simples de bagaceira,-
1994,DERIVADOS,Vinho acidificado,-
1994,DERIVADOS,Mosto parcialmente fermentado,-
1994,DERIVADOS,Outros derivados,-
1995,VINHO DE MESA,-,214.788.304
1995,VINHO DE MESA,Tinto,167.174.017
1995,VINHO DE MESA,Branco,15.472.732
1995,VINHO DE MESA,Rosado,32.141.555
1995,VINHO FINO DE MESA (VINIFERA),-,47.126.229
1995,VINHO FINO DE MESA (VINIFERA),Tinto,11.924.291
1995,VINHO FINO DE MESA (VINIFERA),Branco,34.209.738
1995,VINHO FINO DE MESA (VINIFERA),Rosado,992.200
1995,SUCO,-,12.893.959
1995,SUCO,Suco de uva integral,4.123.776
1995,SUCO,Suco de uva concentrado,8.770.183
1995,SUCO,Suco de uva adoçado,-
1995,SUCO,Suco de uva orgânico,-
1995,SUCO,Suco de uva reconstituído,-
1995,DERIVADOS,-,23.637.100
1995,DERIVADOS,Espumante,-
1995,DERIVADOS,Espumante moscatel,-
1995,DERIVADOS,Base espumante,-
1995,DERIVADOS,Base espumante moscatel,-
1995,DERIVADOS,Base Champenoise champanha,-
1995,DERIVADOS,Base Charmat champanha,-
1995,DERIVADOS,Bebida de uva,-
1995,DERIVADOS,Polpa de uva,-
1995,DERIVADOS,Mosto simples,20.917.600
1995,DERIVADOS,Mosto concentrado,265.000
1995,DERIVADOS,Mosto de uva com bagaço,-
1995,DERIVADOS,Mosto dessulfitado,-
1995,DERIVADOS,Mistelas,-
1995,DERIVADOS,Néctar de uva,-
1995,DERIVADOS,Licorosos,-
1995,DERIVADOS,Compostos,-
1995,DERIVADOS,Jeropiga,-
1995,DERIVADOS,Filtrado,-
1995,DERIVADOS,Frisante,-
1995,DERIVADOS,Vinho leve,-
1995,DERIVADOS,Vinho licoroso,-
1995,DERIVADOS,Brandy,-
1995,DERIVADOS,Destilado,-
1995,DERIVADOS,Bagaceira,-
1995,DERIVADOS,Licor de bagaceira,-
1995,DERIVADOS,Vinagre,-
1995,DERIVADOS,Borra líquida,-
1995,DERIVADOS,Borra seca,-
1995,DERIVADOS,Vinho Composto,-
1995,DERIVADOS,Pisco,-
1995,DERIVADOS,Vinho orgânico,2.454.500
1995,DERIVADOS,Espumante orgânico,-
1995,DERIVADOS,Destilado alcoólico simples de bagaceira,-
1995,DERIVADOS,Vinho acidificado,-
1995,DERIVADOS,Mosto parcialmente fermentado,-
1995,DERIVADOS,Outros derivados,-
1996,VINHO DE MESA,-,152.917.771
1996,VINHO DE MESA,Tinto,115.896.909
1996,VINHO DE MESA,Branco,24.073.622
1996,VINHO DE MESA,Rosado,12.947.240
1996,VINHO FINO DE MESA (VINIFERA),-,45.325.058
1996,VINHO FINO DE MESA (VINIFERA),Tinto,12.819.866
1996,VINHO FINO DE MESA (VINIFERA),Branco,31.893.892
1996,VINHO FINO DE MESA (VINIFERA),Rosado,611.300
1996,SUCO,-,9.189.900
1996,SUCO,Suco de uva integral,2.407.900
1996,SUCO,Suco de uva concentrado,6.782.000
1996,SUCO,Suco de uva adoçado,-
1996,SUCO,Suco de uva orgânico,-
1996,SUCO,Suco de uva reconstituído,-
1996,DERIVADOS,-,12.754.798
1996,DERIVADOS,Espumante,-
1996,DERIVADOS,Espumante moscatel,-
1996,DERIVADOS,Base espumante,-
1996,DERIVADOS,Base espumante moscatel,-
1996,DERIVADOS,Base Champenoise champanha,-
1996,DERIVADOS,Base Charmat champanha,-
1996,DERIVADOS,Bebida de uva,-
1996,DERIVADOS,Polpa de uva,-
1996,DERIVADOS,Mosto simples,12.111.372
1996,DERIVADOS,Mosto concentrado,292.000
1996,DERIVADOS,Mosto de uva com bagaço,-
1996,DERIVADOS,Mosto dessulfitado,-
1996,DERIVADOS,Mistelas,-
1996,DERIVADOS,Néctar de uva,-
1996,DERIVADOS,Licorosos,-
1996,DERIVADOS,Compostos,-
1996,DERIVADOS,Jeropiga,-
1996,DERIVADOS,Filtrado,-
1996,DERIVADOS,Frisante,-
1996,DERIVADOS,Vinho leve,-
1996,DERIVADOS,Vinho licoroso,-
1996,DERIVADOS,Brandy,-
1996,DERIVADOS,Destilado,-
1996,DERIVADOS,Bagaceira,-
1996,DERIVADOS,Licor de bagaceira,-
1996,DERIVADOS,Vinagre,-
1996,DERIVADOS,Borra líquida,-
1996,DERIVADOS,Borra seca,-
1996,DERIVADOS,Vinho Composto,-
1996,DERIVADOS,Pisco,-
1996,DERIVADOS,Vinho orgânico,351.426
1996,DERIVADOS,Espumante orgânico,-
1996,DERIVADOS,Destilado alcoólico simples de bagaceira,-
1996,DERIVADOS,Vinho acidificado,-
1996,DERIVADOS,Mosto parcialmente fermentado,-
1996,DERIVADOS,Outros derivados,-
1997,VINHO DE MESA,-,182.816.047
1997,VINHO DE MESA,Tinto,116.458.841
1997,VINHO DE MESA,Branco,41.842.945
1997,VINHO DE MESA,Rosado,24.514.261
1997,VINHO FINO DE MESA (VINIFERA),-,46.988.414
1997,VINHO FINO DE MESA (VINIFERA),Tinto,12.590.647
1997,VINHO FINO DE MESA (VINIFERA),Branco,33.792.167
1997,VINHO FINO DE MESA (VINIFERA),Rosado,605.600
1997,SUCO,-,13.409.014
1997,SUCO,Suco de uva integral,2.884.969
1997,SUCO,Suco de uva concentrado,10.524.045
1997,SUCO,Suco de uva adoçado,-
1997,SUCO,Suco de uva orgânico,-
1997,SUCO,Suco de uva reconstituído,-
1997,DERIVADOS,-,24.553.317
1997,DERIVADOS,Espumante,-
1997,DERIVADOS,Espumante moscatel,-
1997,DERIVADOS,Base espumante,-
1997,DERIVADOS,Base espumante moscatel,-
1997,DERIVADOS,Base Champenoise champanha,-
1997,DERIVADOS,Base Charmat champanha,-
1997,DERIVADOS,Bebida de uva,-
1997,DERIVADOS,Polpa de uva,-
1997,DERIVADOS,Mosto simples,19.066.000
1997,DERIVADOS,Mosto concentrado,490.000
1997,DERIVADOS,Mosto de uva com bagaço,-
1997,DERIVADOS,Mosto dessulfitado,-
1997,DERIVADOS,Mistelas,-
1997,DERIVADOS,Néctar de uva,-
1997,DERIVADOS,Licorosos,-
1997,DERIVADOS,Compostos,-
1997,DERIVADOS,Jeropiga,-
1997,DERIVADOS,Filtrado,-
1997,DERIVADOS,Frisante,-
1997,DERIVADOS,Vinho leve,-
1997,DERIVADOS,Vinho licoroso,-
1997,DERIVADOS,Brandy,-
1997,DERIVADOS,Destilado,-
1997,DERIVADOS,Bagaceira,-
1997,DERIVADOS,Licor de bagaceira,-
1997,DERIVADOS,Vinagre,-
1997,DERIVADOS,Borra líquida,-
1997,DERIVADOS,Borra seca,-
1997,DERIVADOS,Vinho Composto,-
1997,DERIVADOS,Pisco,-
1997,DERIVADOS,Vinho orgânico,4.997.317
1997,DERIVADOS,Espumante orgânico,-
1997,DERIVADOS,Destilado alcoólico simples de bagaceira,-
1997,DERIVADOS,Vinho acidificado,-
1997,DERIVADOS,Mosto parcialmente fermentado,-
1997,DERIVADOS,Outros derivados,-
1998,VINHO DE MESA,-,150.814.943
1998,VINHO DE MESA,Tinto,102.127.865
1998,VINHO DE MESA,Branco,32.140.249
1998,VINHO DE MESA,Rosado,16.546.829
1998,VINHO FINO DE MESA (VINIFERA),-,33.898.630
1998,VINHO FINO DE MESA (VINIFERA),Tinto,8.716.140
1998,VINHO FINO DE MESA (VINIFERA),Branco,24.384.090
1998,VINHO FINO DE MESA (VINIFERA),Rosado,798.400
1998,SUCO,-,13.904.186
1998,SUCO,Suco de uva integral,3.904.186
1998,SUCO,Suco de uva concentrado,10.000.000
1998,SUCO,Suco de uva adoçado,-
1998,SUCO,Suco de uva orgânico,-
1998,SUCO,Suco de uva reconstituído,-
1998,DERIVADOS,-,14.693.351
1998,DERIVADOS,Espumante,-
1998,DERIVADOS,Espumante moscatel,-
1998,DERIVADOS,Base espumante,-
1998,DERIVADOS,Base espumante moscatel,-
1998,DERIVADOS,Base Champenoise champanha,-
1998,DERIVADOS,Base Charmat champanha,-
1998,DERIVADOS,Bebida de uva,-
1998,DERIVADOS,Polpa de uva,-
1998,DERIVADOS,Mosto simples,11.046.570
1998,DERIVADOS,Mosto concentrado,381.000
1998,DERIVADOS,Mosto de uva com bagaço,-
1998,DERIVADOS,Mosto dessulfitado,-
1998,DERIVADOS,Mistelas,-
1998,DERIVADOS,Néctar de uva,-
1998,DERIVADOS,Licorosos,-
1998,DERIVADOS,Compostos,-
1998,DERIVADOS,Jeropiga,-
1998,DERIVADOS,Filtrado,-
1998,DERIVADOS,Frisante,-
1998,DERIVADOS,Vinho leve,-
1998,DERIVADOS,Vinho licoroso,-
1998,DERIVADOS,Brandy,-
1998,DERIVADOS,Destilado,-
1998,DERIVADOS,Bagaceira,-
1998,DERIVADOS,Licor de bagaceira,-
1998,DERIVADOS,Vinagre,-
1998,DERIVADOS,Borra líquida,-
1998,DERIVADOS,Borra seca,-
1998,DERIVADOS,Vinho Composto,-
1998,DERIVADOS,Pisco,-
1998,DERIVADOS,Vinho orgânico,3.265.781
1998,DERIVADOS,Espumante orgânico,-
1998,DERIVADOS,Destilado alcoólico simples de bagaceira,-
1998,DERIVADOS,Vinho acidificado,-
1998,DERIVADOS,Mosto parcialmente fermentado,-
1998,DERIVADOS,Outros derivados,-
1999,VINHO DE MESA,-,226.520.776
1999,VINHO DE MESA,Tinto,168.149.414
1999,VINHO DE MESA,Branco,42.528.150
1999,VINHO DE MESA,Rosado,15.843.212
1999,VINHO FINO DE MESA (VINIFERA),-,45.830.497
1999,VINHO FINO DE MESA (VINIFERA),Tinto,14.640.657
1999,VINHO FINO DE MESA (VINIFERA),Branco,30.674.840
1999,VINHO FINO DE MESA (VINIFERA),Rosado,515.000
1999,SUCO,-,15.532.303
1999,SUCO,Suco de uva integral,4.132.303
1999,SUCO,Suco de uva concentrado,11.400.000
1999,SUCO,Suco de uva adoçado,-
1999,SUCO,Suco de uva orgânico,-
1999,SUCO,Suco de uva reconstituído,-
1999,DERIVADOS,-,23.422.306
1999,DERIVADOS,Espumante,6.900
1999,DERIVADOS,Espumante moscatel,-
1999,DERIVADOS,Base espumante,-
1999,DERIVADOS,Base espumante moscatel,-
1999,DERIVADOS,Base Champenoise champanha,-
1999,DERIVADOS,Base Charmat champanha,-
1999,DERIVADOS,Bebida de uva,-
1999,DERIVADOS,Polpa de uva,-
1999,DERIVADOS,Mosto simples,14.359.734
1999,DERIVADOS,Mosto concentrado,411.354
1999,DERIVADOS,Mosto de uva com bagaço,-
1999,DERIVADOS,Mosto dessulfitado,-
1999,DERIVADOS,Mistelas,-
1999,DERIVADOS,Néctar de uva,-
1999,DERIVADOS,Licorosos,44.740
1999,DERIVADOS,Compostos,-
1999,DERIVADOS,Jeropiga,-
1999,DERIVADOS,Filtrado,-
1999,DERIVADOS,Frisante,-
1999,DERIVADOS,Vinho leve,-
1999,DERIVADOS,Vinho licoroso,-
1999,DERIVADOS,Brandy,-
1999,DERIVADOS,Destilado,7.350
1999,DERIVADOS,Bagaceira,-
1999,DERIVADOS,Licor de bagaceira,-
1999,DERIVADOS,Vinagre,-
1999,DERIVADOS,Borra líquida,-
1999,DERIVADOS,Borra seca,-
1999,DERIVADOS,Vinho Composto,-
1999,DERIVADOS,Pisco,-
1999,DERIVADOS,Vinho orgânico,8.592.228
1999,DERIVADOS,Espumante orgânico,-
1999,DERIVADOS,Destilado alcoólico simples de bagaceira,-
1999,DERIVADOS,Vinho acidificado,-
1999,DERIVADOS,Mosto parcialmente fermentado,-
1999,DERIVADOS,Outros derivados,-
2000,VINHO DE MESA,-,273.025.576
2000,VINHO DE MESA,Tinto,208.242.670
2000,VINHO DE MESA,Branco,44.902.276
2000,VINHO DE MESA,Rosado,19.880.630
2000,VINHO FINO DE MESA (VINIFERA),-,56.209.739
2000,VINHO FINO DE MESA (VINIFERA),Tinto,18.545.613
2000,VINHO FINO DE MESA (VINIFERA),Branco,36.955.126
2000,VINHO FINO DE MESA (VINIFERA),Rosado,709.000
2000,SUCO,-,17.722.779
2000,SUCO,Suco de uva integral,3.546.779
2000,SUCO,Suco de uva concentrado,14.176.000
2000,SUCO,Suco de uva adoçado,-
2000,SUCO,Suco de uva orgânico,-
2000,SUCO,Suco de uva reconstituído,-
2000,DERIVADOS,-,25.959.016
2000,DERIVADOS,Espumante,71.410
2000,DERIVADOS,Espumante moscatel,-
2000,DERIVADOS,Base espumante,-
2000,DERIVADOS,Base espumante moscatel,-
2000,DERIVADOS,Base Champenoise champanha,-
2000,DERIVADOS,Base Charmat champanha,-
2000,DERIVADOS,Bebida de uva,-
2000,DERIVADOS,Polpa de uva,-
2000,DERIVADOS,Mosto simples,16.192.018
2000,DERIVADOS,Mosto concentrado,-
2000,DERIVADOS,Mosto de uva com bagaço,-
2000,DERIVADOS,Mosto dessulfitado,-
2000,DERIVADOS,Mistelas,33.000
2000,DERIVADOS,Néctar de uva,-
2000,DERIVADOS,Licorosos,21.000
2000,DERIVADOS,Compostos,-
2000,DERIVADOS,Jeropiga,-
2000,DERIVADOS,Filtrado,-
2000,DERIVADOS,Frisante,-
2000,DERIVADOS,Vinho leve,-
2000,DERIVADOS,Vinho licoroso,-
2000,DERIVADOS,Brandy,-
2000,DERIVADOS,Destilado,1.960
2000,DERIVADOS,Bagaceira,12.700
2000,DERIVADOS,Licor de bagaceira,-
2000,DERIVADOS,Vinagre,-
2000,DERIVADOS,Borra líquida,9.626.928
2000,DERIVADOS,Borra seca,-
2000,DERIVADOS,Vinho Composto,-
2000,DERIVADOS,Pisco,-
2000,DERIVADOS,Vinho orgânico,-
2000,DERIVADOS,Espumante orgânico,-
2000,DERIVADOS,Destilado alcoólico simples de bagaceira,-
2000,DERIVADOS,Vinho acidificado,-
2000,DERIVADOS,Mosto parcialmente fermentado,-
2000,DERIVADOS,Outros derivados,-
2001,VINHO DE MESA,-,228.932.458
2001,VINHO DE MESA,Tinto,175.267.437
2001,VINHO DE MESA,Branco,44.322.836
2001,VINHO DE MESA,Rosado,9.342.185
2001,VINHO FINO DE MESA (VINIFERA),-,34.159.277
2001,VINHO FINO DE MESA (VINIFERA),Tinto,13.587.683
2001,VINHO FINO DE MESA (VINIFERA),Branco,20.393.594
2001,VINHO FINO DE MESA (VINIFERA),Rosado,178.000
2001,SUCO,-,17.987.182
2001,SUCO,Suco de uva integral,5.196.430
2001,SUCO,Suco de uva concentrado,12.790.752
2001,SUCO,Suco de uva adoçado,-
2001,SUCO,Suco de uva orgânico,-
2001,SUCO,Suco de uva reconstituído,-
2001,DERIVADOS,-,15.498.842
2001,DERIVADOS,Espumante,-
2001,DERIVADOS,Espumante moscatel,276.099
2001,DERIVADOS,Base espumante,-
2001,DERIVADOS,Base espumante moscatel,-
2001,DERIVADOS,Base Champenoise champanha,-
2001,DERIVADOS,Base Charmat champanha,-
2001,DERIVADOS,Bebida de uva,-
2001,DERIVADOS,Polpa de uva,-
2001,DERIVADOS,Mosto simples,6.977.231
2001,DERIVADOS,Mosto concentrado,-
2001,DERIVADOS,Mosto de uva com bagaço,-
2001,DERIVADOS,Mosto dessulfitado,-
2001,DERIVADOS,Mistelas,15.000
2001,DERIVADOS,Néctar de uva,-
2001,DERIVADOS,Licorosos,4.000
2001,DERIVADOS,Compostos,-
2001,DERIVADOS,Jeropiga,-
2001,DERIVADOS,Filtrado,-
2001,DERIVADOS,Frisante,-
2001,DERIVADOS,Vinho leve,-
2001,DERIVADOS,Vinho licoroso,-
2001,DERIVADOS,Brandy,-
2001,DERIVADOS,Destilado,-
2001,DERIVADOS,Bagaceira,10.350
2001,DERIVADOS,Licor de bagaceira,-
2001,DERIVADOS,Vinagre,-
2001,DERIVADOS,Borra líquida,8.216.162
2001,DERIVADOS,Borra seca,-
2001,DERIVADOS,Vinho Composto,-
2001,DERIVADOS,Pisco,-
2001,DERIVADOS,Vinho orgânico,-
2001,DERIVADOS,Espumante orgânico,-
2001,DERIVADOS,Destilado alcoólico simples de bagaceira,-
2001,DERIVADOS,Vinho acidificado,-
2001,DERIVADOS,Mosto parcialmente fermentado,-
2001,DERIVADOS,Outros derivados,-
2002,VINHO DE MESA,-,259.589.740
2002,VINHO DE MESA,Tinto,215.892.333
2002,VINHO DE MESA,Branco,35.329.657
2002,VINHO DE MESA,Rosado,8.367.750
2002,VINHO FINO DE MESA (VINIFERA),-,31.655.226
2002,VINHO FINO DE MESA (VINIFERA),Tinto,13.619.033
2002,VINHO FINO DE MESA (VINIFERA),Branco,17.911.689
2002,VINHO FINO DE MESA (VINIFERA),Rosado,124.504
2002,SUCO,-,20.228.691
2002,SUCO,Suco de uva integral,5.505.889
2002,SUCO,Suco de uva concentrado,14.722.802
2002,SUCO,Suco de uva adoçado,-
2002,SUCO,Suco de uva orgânico,-
2002,SUCO,Suco de uva reconstituído,-
2002,DERIVADOS,-,28.122.348
2002,DERIVADOS,Espumante,-
2002,DERIVADOS,Espumante moscatel,-
2002,DERIVADOS,Base espumante,-
2002,DERIVADOS,Base espumante moscatel,-
2002,DERIVADOS,Base Champenoise champanha,-
2002,DERIVADOS,Base Charmat champanha,-
2002,DERIVADOS,Bebida de uva,-
2002,DERIVADOS,Polpa de uva,-
2002,DERIVADOS,Mosto simples,12.875.000
2002,DERIVADOS,Mosto concentrado,-
2002,DERIVADOS,Mosto de uva com bagaço,-
2002,DERIVADOS,Mosto dessulfitado,-
2002,DERIVADOS,Mistelas,-
2002,DERIVADOS,Néctar de uva,-
2002,DERIVADOS,Licorosos,-
2002,DERIVADOS,Compostos,-
2002,DERIVADOS,Jeropiga,-
2002,DERIVADOS,Filtrado,-
2002,DERIVADOS,Frisante,-
2002,DERIVADOS,Vinho leve,-
2002,DERIVADOS,Vinho licoroso,-
2002,DERIVADOS,Brandy,-
2002,DERIVADOS,Destilado,-
2002,DERIVADOS,Bagaceira,-
2002,DERIVADOS,Licor de bagaceira,-
2002,DERIVADOS,Vinagre,-
2002,DERIVADOS,Borra líquida,8.541.861
2002,DERIVADOS,Borra seca,-
2002,DERIVADOS,Vinho Composto,-
2002,DERIVADOS,Pisco,-
2002,DERIVADOS,Vinho orgânico,6.705.487
2002,DERIVADOS,Espumante orgânico,-
2002,DERIVADOS,Destilado alcoólico simples de bagaceira,-
2002,DERIVADOS,Vinho acidificado,-
2002,DERIVADOS,Mosto parcialmente fermentado,-
2002,DERIVADOS,Outros derivados,-
2003,VINHO DE MESA,-,202.545.724
2003,VINHO DE MESA,Tinto,155.513.687
2003,VINHO DE MESA,Branco,40.861.639
2003,VINHO DE MESA,Rosado,6.170.398
2003,VINHO FINO DE MESA (VINIFERA),-,29.551.457
2003,VINHO FINO DE MESA (VINIFERA),Tinto,15.357.576
2003,VINHO FINO DE MESA (VINIFERA),Branco,14.058.481
2003,VINHO FINO DE MESA (VINIFERA),Rosado,135.400
2003,SUCO,-,12.420.745
2003,SUCO,Suco de uva integral,1.372.381
2003,SUCO,Suco de uva concentrado,11.048.364
2003,SUCO,Suco de uva adoçado,-
2003,SUCO,Suco de uva orgânico,-
2003,SUCO,Suco de uva reconstituído,-
2003,DERIVADOS,-,24.108.352
2003,DERIVADOS,Espumante,-
2003,DERIVADOS,Espumante moscatel,147.600
2003,DERIVADOS,Base espumante,-
2003,DERIVADOS,Base espumante moscatel,-
2003,DERIVADOS,Base Champenoise champanha,-
2003,DERIVADOS,Base Charmat champanha,-
2003,DERIVADOS,Bebida de uva,-
2003,DERIVADOS,Polpa de uva,-
2003,DERIVADOS,Mosto simples,13.172.480
2003,DERIVADOS,Mosto concentrado,-
2003,DERIVADOS,Mosto de uva com bagaço,-
2003,DERIVADOS,Mosto dessulfitado,-
2003,DERIVADOS,Mistelas,5.500
2003,DERIVADOS,Néctar de uva,-
2003,DERIVADOS,Licorosos,34.420
2003,DERIVADOS,Compostos,-
2003,DERIVADOS,Jeropiga,-
2003,DERIVADOS,Filtrado,-
2003,DERIVADOS,Frisante,-
2003,DERIVADOS,Vinho leve,11.000
2003,DERIVADOS,Vinho licoroso,-
2003,DERIVADOS,Brandy,-
2003,DERIVADOS,Destilado,-
2003,DERIVADOS,Bagaceira,26.800
2003,DERIVADOS,Licor de bagaceira,-
2003,DERIVADOS,Vinagre,-
2003,DERIVADOS,Borra líquida,3.126.172
2003,DERIVADOS,Borra seca,-
2003,DERIVADOS,Vinho Composto,-
2003,DERIVADOS,Pisco,-
2003,DERIVADOS,Vinho orgânico,7.584.380
2003,DERIVADOS,Espumante orgânico,-
2003,DERIVADOS,Destilado alcoólico simples de bagaceira,-
2003,DERIVADOS,Vinho acidificado,-
2003,DERIVADOS,Mosto parcialmente fermentado,-
2003,DERIVADOS,Outros derivados,-
2004,VINHO DE MESA,-,313.962.284
2004,VINHO DE MESA,Tinto,254.172.425
2004,VINHO DE MESA,Branco,51.719.967
2004,VINHO DE MESA,Rosado,8.069.892
2004,VINHO FINO DE MESA (VINIFERA),-,42.902.608
2004,VINHO FINO DE MESA (VINIFERA),Tinto,23.062.182
2004,VINHO FINO DE MESA (VINIFERA),Branco,19.803.647
2004,VINHO FINO DE MESA (VINIFERA),Rosado,36.779
2004,SUCO,-,24.078.112
2004,SUCO,Suco de uva integral,6.222.380
2004,SUCO,Suco de uva concentrado,17.855.732
2004,SUCO,Suco de uva adoçado,-
2004,SUCO,Suco de uva orgânico,-
2004,SUCO,Suco de uva reconstituído,-
2004,DERIVADOS,-,28.471.858
2004,DERIVADOS,Espumante,3.999
2004,DERIVADOS,Espumante moscatel,204.000
2004,DERIVADOS,Base espumante,-
2004,DERIVADOS,Base espumante moscatel,98.900
2004,DERIVADOS,Base Champenoise champanha,-
2004,DERIVADOS,Base Charmat champanha,-
2004,DERIVADOS,Bebida de uva,-
2004,DERIVADOS,Polpa de uva,890.562
2004,DERIVADOS,Mosto simples,26.067.525
2004,DERIVADOS,Mosto concentrado,-
2004,DERIVADOS,Mosto de uva com bagaço,-
2004,DERIVADOS,Mosto dessulfitado,-
2004,DERIVADOS,Mistelas,11.500
2004,DERIVADOS,Néctar de uva,-
2004,DERIVADOS,Licorosos,-
2004,DERIVADOS,Compostos,-
2004,DERIVADOS,Jeropiga,-
2004,DERIVADOS,Filtrado,-
2004,DERIVADOS,Frisante,-
2004,DERIVADOS,Vinho leve,6.000
2004,DERIVADOS,Vinho licoroso,77.800
2004,DERIVADOS,Brandy,-
2004,DERIVADOS,Destilado,1.000
2004,DERIVADOS,Bagaceira,66.082
2004,DERIVADOS,Licor de bagaceira,-
2004,DERIVADOS,Vinagre,-
2004,DERIVADOS,Borra líquida,1.044.490
2004,DERIVADOS,Borra seca,-
2004,DERIVADOS,Vinho Composto,-
2004,DERIVADOS,Pisco,-
2004,DERIVADOS,Vinho orgânico,-
2004,DERIVADOS,Espumante orgânico,-
2004,DERIVADOS,Destilado alcoólico simples de bagaceira,-
2004,DERIVADOS,Vinho acidificado,-
2004,DERIVADOS,Mosto parcialmente fermentado,-
2004,DERIVADOS,Outros derivados,-
2005,VINHO DE MESA,-,226.080.432
2005,VINHO DE MESA,Tinto,180.698.666
2005,VINHO DE MESA,Branco,39.212.146
2005,VINHO DE MESA,Rosado,6.169.620
2005,VINHO FINO DE MESA (VINIFERA),-,45.453.898
2005,VINHO FINO DE MESA (VINIFERA),Tinto,25.409.805
2005,VINHO FINO DE MESA (VINIFERA),Branco,20.012.363
2005,VINHO FINO DE MESA (VINIFERA),Rosado,31.730
2005,SUCO,-,27.960.596
2005,SUCO,Suco de uva integral,7.103.175
2005,SUCO,Suco de uva concentrado,19.513.244
2005,SUCO,Suco de uva adoçado,1.344.177
2005,SUCO,Suco de uva orgânico,-
2005,SUCO,Suco de uva reconstituído,-
2005,DERIVADOS,-,25.541.605
2005,DERIVADOS,Espumante,1.920
2005,DERIVADOS,Espumante moscatel,514.480
2005,DERIVADOS,Base espumante,239.000
2005,DERIVADOS,Base espumante moscatel,212.400
2005,DERIVADOS,Base Champenoise champanha,-
2005,DERIVADOS,Base Charmat champanha,-
2005,DERIVADOS,Bebida de uva,-
2005,DERIVADOS,Polpa de uva,1.350.672
2005,DERIVADOS,Mosto simples,22.429.791
2005,DERIVADOS,Mosto concentrado,83.116
2005,DERIVADOS,Mosto de uva com bagaço,-
2005,DERIVADOS,Mosto dessulfitado,-
2005,DERIVADOS,Mistelas,9.960
2005,DERIVADOS,Néctar de uva,-
2005,DERIVADOS,Licorosos,-
2005,DERIVADOS,Compostos,-
2005,DERIVADOS,Jeropiga,-
2005,DERIVADOS,Filtrado,-
2005,DERIVADOS,Frisante,-
2005,DERIVADOS,Vinho leve,16.500
2005,DERIVADOS,Vinho licoroso,125.700
2005,DERIVADOS,Brandy,-
2005,DERIVADOS,Destilado,-
2005,DERIVADOS,Bagaceira,32.050
2005,DERIVADOS,Licor de bagaceira,-
2005,DERIVADOS,Vinagre,-
2005,DERIVADOS,Borra líquida,526.016
2005,DERIVADOS,Borra seca,-
2005,DERIVADOS,Vinho Composto,-
2005,DERIVADOS,Pisco,-
2005,DERIVADOS,Vinho orgânico,-
2005,DERIVADOS,Espumante orgânico,-
2005,DERIVADOS,Destilado alcoólico simples de bagaceira,-
2005,DERIVADOS,Vinho acidificado,-
2005,DERIVADOS,Mosto parcialmente fermentado,-
2005,DERIVADOS,Outros derivados,-
2006,VINHO DE MESA,-,185.100.887
2006,VINHO DE MESA,Tinto,149.552.555
2006,VINHO DE MESA,Branco,31.738.390
2006,VINHO DE MESA,Rosado,3.809.942
2006,VINHO FINO DE MESA (VINIFERA),-,32.168.977
2006,VINHO FINO DE MESA (VINIFERA),Tinto,18.868.108
2006,VINHO FINO DE MESA (VINIFERA),Branco,13.249.969
2006,VINHO FINO DE MESA (VINIFERA),Rosado,50.900
2006,SUCO,-,31.361.096
2006,SUCO,Suco de uva integral,13.946.491
2006,SUCO,Suco de uva concentrado,17.414.605
2006,SUCO,Suco de uva adoçado,-
2006,SUCO,Suco de uva orgânico,-
2006,SUCO,Suco de uva reconstituído,-
2006,DERIVADOS,-,27.752.531
2006,DERIVADOS,Espumante,26.600
2006,DERIVADOS,Espumante moscatel,320.514
2006,DERIVADOS,Base espumante,-
2006,DERIVADOS,Base espumante moscatel,362.589
2006,DERIVADOS,Base Champenoise champanha,-
2006,DERIVADOS,Base Charmat champanha,-
2006,DERIVADOS,Bebida de uva,-
2006,DERIVADOS,Polpa de uva,1.006.000
2006,DERIVADOS,Mosto simples,25.903.812
2006,DERIVADOS,Mosto concentrado,-
2006,DERIVADOS,Mosto de uva com bagaço,-
2006,DERIVADOS,Mosto dessulfitado,-
2006,DERIVADOS,Mistelas,-
2006,DERIVADOS,Néctar de uva,-
2006,DERIVADOS,Licorosos,-
2006,DERIVADOS,Compostos,-
2006,DERIVADOS,Jeropiga,-
2006,DERIVADOS,Filtrado,-
2006,DERIVADOS,Frisante,-
2006,DERIVADOS,Vinho leve,-
2006,DERIVADOS,Vinho licoroso,28.500
2006,DERIVADOS,Brandy,-
2006,DERIVADOS,Destilado,-
2006,DERIVADOS,Bagaceira,24.250
2006,DERIVADOS,Licor de bagaceira,-
2006,DERIVADOS,Vinagre,-
2006,DERIVADOS,Borra líquida,57.333
2006,DERIVADOS,Borra seca,-
2006,DERIVADOS,Vinho Composto,-
2006,DERIVADOS,Pisco,-
2006,DERIVADOS,Vinho orgânico,22.933
2006,DERIVADOS,Espumante orgânico,-
2006,DERIVADOS,Destilado alcoólico simples de bagaceira,-
2006,DERIVADOS,Vinho acidificado,-
2006,DERIVADOS,Mosto parcialmente fermentado,-
2006,DERIVADOS,Outros derivados,-
2007,VINHO DE MESA,-,275.287.908
2007,VINHO DE MESA,Tinto,228.156.220
2007,VINHO DE MESA,Branco,42.118.552
2007,VINHO DE MESA,Rosado,5.013.136
2007,VINHO FINO DE MESA (VINIFERA),-,43.176.484
2007,VINHO FINO DE MESA (VINIFERA),Tinto,24.786.071
2007,VINHO FINO DE MESA (VINIFERA),Branco,17.598.428
2007,VINHO FINO DE MESA (VINIFERA),Rosado,791.985
2007,SUCO,-,30.136.844
2007,SUCO,Suco de uva integral,10.147.037
2007,SUCO,Suco de uva concentrado,19.280.709
2007,SUCO,Suco de uva adoçado,709.098
2007,SUCO,Suco de uva orgânico,-
2007,SUCO,Suco de uva reconstituído,-
2007,DERIVADOS,-,42.011.603
2007,DERIVADOS,Espumante,-
2007,DERIVADOS,Espumante moscatel,589.332
2007,DERIVADOS,Base espumante,78.250
2007,DERIVADOS,Base espumante moscatel,111.200
2007,DERIVADOS,Base Champenoise champanha,-
2007,DERIVADOS,Base Charmat champanha,-
2007,DERIVADOS,Bebida de uva,-
2007,DERIVADOS,Polpa de uva,1.083.202
2007,DERIVADOS,Mosto simples,37.558.010
2007,DERIVADOS,Mosto concentrado,110.000
2007,DERIVADOS,Mosto de uva com bagaço,-
2007,DERIVADOS,Mosto dessulfitado,-
2007,DERIVADOS,Mistelas,1.900
2007,DERIVADOS,Néctar de uva,-
2007,DERIVADOS,Licorosos,-
2007,DERIVADOS,Compostos,-
2007,DERIVADOS,Jeropiga,-
2007,DERIVADOS,Filtrado,-
2007,DERIVADOS,Frisante,-
2007,DERIVADOS,Vinho leve,-
2007,DERIVADOS,Vinho licoroso,27.926
2007,DERIVADOS,Brandy,-
2007,DERIVADOS,Destilado,-
2007,DERIVADOS,Bagaceira,48.500
2007,DERIVADOS,Licor de bagaceira,-
2007,DERIVADOS,Vinagre,-
2007,DERIVADOS,Borra líquida,2.095.873
2007,DERIVADOS,Borra seca,-
2007,DERIVADOS,Vinho Composto,-
2007,DERIVADOS,Pisco,-
2007,DERIVADOS,Vinho orgânico,307.410
2007,DERIVADOS,Espumante orgânico,-
2007,DERIVADOS,Destilado alcoólico simples de bagaceira,-
2007,DERIVADOS,Vinho acidificado,-
2007,DERIVADOS,Mosto parcialmente fermentado,-
2007,DERIVADOS,Outros derivados,-
2008,VINHO DE MESA,-,287.506.811
2008,VINHO DE MESA,Tinto,241.057.928
2008,VINHO DE MESA,Branco,42.942.053
2008,VINHO DE MESA,Rosado,3.506.830
2008,VINHO FINO DE MESA (VINIFERA),-,47.334.501
2008,VINHO FINO DE MESA (VINIFERA),Tinto,27.583.032
2008,VINHO FINO DE MESA (VINIFERA),Branco,18.812.571
2008,VINHO FINO DE MESA (VINIFERA),Rosado,938.898
2008,SUCO,-,35.647.994
2008,SUCO,Suco de uva integral,11.817.941
2008,SUCO,Suco de uva concentrado,23.014.646
2008,SUCO,Suco de uva adoçado,815.407
2008,SUCO,Suco de uva orgânico,-
2008,SUCO,Suco de uva reconstituído,-
2008,DERIVADOS,-,59.622.293
2008,DERIVADOS,Espumante,88.690
2008,DERIVADOS,Espumante moscatel,1.113.462
2008,DERIVADOS,Base espumante,220.120
2008,DERIVADOS,Base espumante moscatel,474.721
2008,DERIVADOS,Base Champenoise champanha,-
2008,DERIVADOS,Base Charmat champanha,-
2008,DERIVADOS,Bebida de uva,1.082.700
2008,DERIVADOS,Polpa de uva,1.188.260
2008,DERIVADOS,Mosto simples,53.683.415
2008,DERIVADOS,Mosto concentrado,-
2008,DERIVADOS,Mosto de uva com bagaço,-
2008,DERIVADOS,Mosto dessulfitado,-
2008,DERIVADOS,Mistelas,2.000
2008,DERIVADOS,Néctar de uva,-
2008,DERIVADOS,Licorosos,-
2008,DERIVADOS,Compostos,-
2008,DERIVADOS,Jeropiga,-
2008,DERIVADOS,Filtrado,-
2008,DERIVADOS,Frisante,-
2008,DERIVADOS,Vinho leve,-
2008,DERIVADOS,Vinho licoroso,65.650
2008,DERIVADOS,Brandy,-
2008,DERIVADOS,Destilado,-
2008,DERIVADOS,Bagaceira,8.500
2008,DERIVADOS,Licor de bagaceira,-
2008,DERIVADOS,Vinagre,-
2008,DERIVADOS,Borra líquida,1.679.775
2008,DERIVADOS,Borra seca,-
2008,DERIVADOS,Vinho Composto,-
2008,DERIVADOS,Pisco,-
2008,DERIVADOS,Vinho orgânico,15.000
2008,DERIVADOS,Espumante orgânico,-
2008,DERIVADOS,Destilado alcoólico simples de bagaceira,-
2008,DERIVADOS,Vinho acidificado,-
2008,DERIVADOS,Mosto parcialmente fermentado,-
2008,DERIVADOS,Outros derivados,-
2009,VINHO DE MESA,-,205.418.206
2009,VINHO DE MESA,Tinto,164.143.454
2009,VINHO DE MESA,Branco,39.211.278
2009,VINHO DE MESA,Rosado,2.063.474
2009,VINHO FINO DE MESA (VINIFERA),-,39.900.568
2009,VINHO FINO DE MESA (VINIFERA),Tinto,18.209.043
2009,VINHO FINO DE MESA (VINIFERA),Branco,21.366.975
2009,VINHO FINO DE MESA (VINIFERA),Rosado,324.550
2009,SUCO,-,39.715.098
2009,SUCO,Suco de uva integral,16.034.003
2009,SUCO,Suco de uva concentrado,23.006.457
2009,SUCO,Suco de uva adoçado,674.638
2009,SUCO,Suco de uva orgânico,-
2009,SUCO,Suco de uva reconstituído,-
2009,DERIVADOS,-,56.787.892
2009,DERIVADOS,Espumante,-
2009,DERIVADOS,Espumante moscatel,1.190.500
2009,DERIVADOS,Base espumante,335.850
2009,DERIVADOS,Base espumante moscatel,442.150
2009,DERIVADOS,Base Champenoise champanha,-
2009,DERIVADOS,Base Charmat champanha,-
2009,DERIVADOS,Bebida de uva,420
2009,DERIVADOS,Polpa de uva,1.352.417
2009,DERIVADOS,Mosto simples,53.418.555
2009,DERIVADOS,Mosto concentrado,-
2009,DERIVADOS,Mosto de uva com bagaço,-
2009,DERIVADOS,Mosto dessulfitado,-
2009,DERIVADOS,Mistelas,3.500
2009,DERIVADOS,Néctar de uva,-
2009,DERIVADOS,Licorosos,38.000
2009,DERIVADOS,Compostos,-
2009,DERIVADOS,Jeropiga,-
2009,DERIVADOS,Filtrado,-
2009,DERIVADOS,Frisante,-
2009,DERIVADOS,Vinho leve,-
2009,DERIVADOS,Vinho licoroso,-
2009,DERIVADOS,Brandy,-
2009,DERIVADOS,Destilado,-
2009,DERIVADOS,Bagaceira,6.500
2009,DERIVADOS,Licor de bagaceira,-
2009,DERIVADOS,Vinagre,-
2009,DERIVADOS,Borra líquida,-
2009,DERIVADOS,Borra seca,-
2009,DERIVADOS,Vinho Composto,-
2009,DERIVADOS,Pisco,-
2009,DERIVADOS,Vinho orgânico,-
2009,DERIVADOS,Espumante orgânico,-
2009,DERIVADOS,Destilado alcoólico simples de bagaceira,-
2009,DERIVADOS,Vinho acidificado,-
2009,DERIVADOS,Mosto parcialmente fermentado,-
2009,DERIVADOS,Outros derivados,-
2010,VINHO DE MESA,-,195.267.980
2010,VINHO DE MESA,Tinto,157.290.088
2010,VINHO DE MESA,Branco,35.408.083
2010,VINHO DE MESA,Rosado,2.569.809
2010,VINHO FINO DE MESA (VINIFERA),-,24.805.713
2010,VINHO FINO DE MESA (VINIFERA),Tinto,11.401.406
2010,VINHO FINO DE MESA (VINIFERA),Branco,13.013.027
2010,VINHO FINO DE MESA (VINIFERA),Rosado,391.280
2010,SUCO,-,50.125.944
2010,SUCO,Suco de uva integral,26.887.259
2010,SUCO,Suco de uva concentrado,23.238.685
2010,SUCO,Suco de uva adoçado,-
2010,SUCO,Suco de uva orgânico,-
2010,SUCO,Suco de uva reconstituído,-
2010,DERIVADOS,-,51.210.756
2010,DERIVADOS,Espumante,10.125
2010,DERIVADOS,Espumante moscatel,703.393
2010,DERIVADOS,Base espumante,-
2010,DERIVADOS,Base espumante moscatel,1.144.508
2010,DERIVADOS,Base Champenoise champanha,92.082
2010,DERIVADOS,Base Charmat champanha,254.000
2010,DERIVADOS,Bebida de uva,7.900
2010,DERIVADOS,Polpa de uva,1.951.606
2010,DERIVADOS,Mosto simples,45.912.040
2010,DERIVADOS,Mosto concentrado,-
2010,DERIVADOS,Mosto de uva com bagaço,-
2010,DERIVADOS,Mosto dessulfitado,-
2010,DERIVADOS,Mistelas,-
2010,DERIVADOS,Néctar de uva,-
2010,DERIVADOS,Licorosos,-
2010,DERIVADOS,Compostos,-
2010,DERIVADOS,Jeropiga,69.000
2010,DERIVADOS,Filtrado,-
2010,DERIVADOS,Frisante,831.000
2010,DERIVADOS,Vinho leve,-
2010,DERIVADOS,Vinho licoroso,15.000
2010,DERIVADOS,Brandy,-
2010,DERIVADOS,Destilado,-
2010,DERIVADOS,Bagaceira,-
2010,DERIVADOS,Licor de bagaceira,-
2010,DERIVADOS,Vinagre,5.817
2010,DERIVADOS,Borra líquida,64.304
2010,DERIVADOS,Borra seca,149.981
2010,DERIVADOS,Vinho Composto,-
2010,DERIVADOS,Pisco,-
2010,DERIVADOS,Vinho orgânico,-
2010,DERIVADOS,Espumante orgânico,-
2010,DERIVADOS,Destilado alcoólico simples de bagaceira,-
2010,DERIVADOS,Vinho acidificado,-
2010,DERIVADOS,Mosto parcialmente fermentado,-
2010,DERIVADOS,Outros derivados,-
2011,VINHO DE MESA,-,257.840.749
2011,VINHO DE MESA,Tinto,210.113.358
2011,VINHO DE MESA,Branco,46.007.504
2011,VINHO DE MESA,Rosado,1.719.887
2011,VINHO FINO DE MESA (VINIFERA),-,47.598.471
2011,VINHO FINO DE MESA (VINIFERA),Tinto,24.104.740
2011,VINHO FINO DE MESA (VINIFERA),Branco,22.739.426
2011,VINHO FINO DE MESA (VINIFERA),Rosado,754.305
2011,SUCO,-,69.364.324
2011,SUCO,Suco de uva integral,39.487.800
2011,SUCO,Suco de uva concentrado,29.564.324
2011,SUCO,Suco de uva adoçado,312.200
2011,SUCO,Suco de uva orgânico,-
2011,SUCO,Suco de uva reconstituído,-
2011,DERIVADOS,-,85.748.723
2011,DERIVADOS,Espumante,26.361
2011,DERIVADOS,Espumante moscatel,219.100
2011,DERIVADOS,Base espumante,-
2011,DERIVADOS,Base espumante moscatel,2.749.540
2011,DERIVADOS,Base Champenoise champanha,74.746
2011,DERIVADOS,Base Charmat champanha,865.858
2011,DERIVADOS,Bebida de uva,-
2011,DERIVADOS,Polpa de uva,2.480.120
2011,DERIVADOS,Mosto simples,77.285.998
2011,DERIVADOS,Mosto concentrado,-
2011,DERIVADOS,Mosto de uva com bagaço,1.037.600
2011,DERIVADOS,Mosto dessulfitado,-
2011,DERIVADOS,Mistelas,-
2011,DERIVADOS,Néctar de uva,-
2011,DERIVADOS,Licorosos,-
2011,DERIVADOS,Compostos,-
2011,DERIVADOS,Jeropiga,-
2011,DERIVADOS,Filtrado,-
2011,DERIVADOS,Frisante,1.003.800
2011,DERIVADOS,Vinho leve,-
2011,DERIVADOS,Vinho licoroso,-
2011,DERIVADOS,Brandy,-
2011,DERIVADOS,Destilado,-
2011,DERIVADOS,Bagaceira,-
2011,DERIVADOS,Licor de bagaceira,-
2011,DERIVADOS,Vinagre,-
2011,DERIVADOS,Borra líquida,-
2011,DERIVADOS,Borra seca,-
2011,DERIVADOS,Vinho Composto,-
2011,DERIVADOS,Pisco,-
2011,DERIVADOS,Vinho orgânico,5.600
2011,DERIVADOS,Espumante orgânico,-
2011,DERIVADOS,Destilado alcoólico simples de bagaceira,-
2011,DERIVADOS,Vinho acidificado,-
2011,DERIVADOS,Mosto parcialmente fermentado,-
2011,DERIVADOS,Outros derivados,-
2012,VINHO DE MESA,-,212.777.037
2012,VINHO DE MESA,Tinto,175.875.432
2012,VINHO DE MESA,Branco,34.938.249
2012,VINHO DE MESA,Rosado,1.963.356
2012,VINHO FINO DE MESA (VINIFERA),-,45.200.730
2012,VINHO FINO DE MESA (VINIFERA),Tinto,24.027.589
2012,VINHO FINO DE MESA (VINIFERA),Branco,20.647.238
2012,VINHO FINO DE MESA (VINIFERA),Rosado,525.903
2012,SUCO,-,70.066.732
2012,SUCO,Suco de uva integral,31.908.829
2012,SUCO,Suco de uva concentrado,37.624.855
2012,SUCO,Suco de uva adoçado,533.048
2012,SUCO,Suco de uva orgânico,-
2012,SUCO,Suco de uva reconstituído,-
2012,DERIVADOS,-,100.757.101
2012,DERIVADOS,Espumante,17.200
2012,DERIVADOS,Espumante moscatel,139.775
2012,DERIVADOS,Base espumante,-
2012,DERIVADOS,Base espumante moscatel,2.798.908
2012,DERIVADOS,Base Champenoise champanha,369.278
2012,DERIVADOS,Base Charmat champanha,479.625
2012,DERIVADOS,Bebida de uva,-
2012,DERIVADOS,Polpa de uva,2.797.665
2012,DERIVADOS,Mosto simples,93.341.575
2012,DERIVADOS,Mosto concentrado,-
2012,DERIVADOS,Mosto de uva com bagaço,-
2012,DERIVADOS,Mosto dessulfitado,-
2012,DERIVADOS,Mistelas,200
2012,DERIVADOS,Néctar de uva,-
2012,DERIVADOS,Licorosos,26.775
2012,DERIVADOS,Compostos,7.600
2012,DERIVADOS,Jeropiga,-
2012,DERIVADOS,Filtrado,-
2012,DERIVADOS,Frisante,778.500
2012,DERIVADOS,Vinho leve,-
2012,DERIVADOS,Vinho licoroso,-
2012,DERIVADOS,Brandy,-
2012,DERIVADOS,Destilado,-
2012,DERIVADOS,Bagaceira,-
2012,DERIVADOS,Licor de bagaceira,-
2012,DERIVADOS,Vinagre,-
2012,DERIVADOS,Borra líquida,-
2012,DERIVADOS,Borra seca,-
2012,DERIVADOS,Vinho Composto,-
2012,DERIVADOS,Pisco,-
2012,DERIVADOS,Vinho orgânico,-
2012,DERIVADOS,Espumante orgânico,-
2012,DERIVADOS,Destilado alcoólico simples de bagaceira,-
2012,DERIVADOS,Vinho acidificado,-
2012,DERIVADOS,Mosto parcialmente fermentado,-
2012,DERIVADOS,Outros derivados,-
2013,VINHO DE MESA,-,196.904.222
2013,VINHO DE MESA,Tinto,163.111.797
2013,VINHO DE MESA,Branco,32.066.403
2013,VINHO DE MESA,Rosado,1.726.022
2013,VINHO FINO DE MESA (VINIFERA),-,45.782.530
2013,VINHO FINO DE MESA (VINIFERA),Tinto,23.156.458
2013,VINHO FINO DE MESA (VINIFERA),Branco,21.906.349
2013,VINHO FINO DE MESA (VINIFERA),Rosado,719.723
2013,SUCO,-,64.879.790
2013,SUCO,Suco de uva integral,33.673.396
2013,SUCO,Suco de uva concentrado,31.206.394
2013,SUCO,Suco de uva adoçado,-
2013,SUCO,Suco de uva orgânico,-
2013,SUCO,Suco de uva reconstituído,-
2013,DERIVADOS,-,64.072.127
2013,DERIVADOS,Espumante,30.275
2013,DERIVADOS,Espumante moscatel,159.781
2013,DERIVADOS,Base espumante,-
2013,DERIVADOS,Base espumante moscatel,1.470.700
2013,DERIVADOS,Base Champenoise champanha,359.617
2013,DERIVADOS,Base Charmat champanha,624.728
2013,DERIVADOS,Bebida de uva,4.260
2013,DERIVADOS,Polpa de uva,1.742.152
2013,DERIVADOS,Mosto simples,58.517.506
2013,DERIVADOS,Mosto concentrado,-
2013,DERIVADOS,Mosto de uva com bagaço,-
2013,DERIVADOS,Mosto dessulfitado,-
2013,DERIVADOS,Mistelas,2.500
2013,DERIVADOS,Néctar de uva,10.000
2013,DERIVADOS,Licorosos,-
2013,DERIVADOS,Compostos,-
2013,DERIVADOS,Jeropiga,-
2013,DERIVADOS,Filtrado,-
2013,DERIVADOS,Frisante,1.009.000
2013,DERIVADOS,Vinho leve,-
2013,DERIVADOS,Vinho licoroso,100
2013,DERIVADOS,Brandy,-
2013,DERIVADOS,Destilado,-
2013,DERIVADOS,Bagaceira,-
2013,DERIVADOS,Licor de bagaceira,-
2013,DERIVADOS,Vinagre,-
2013,DERIVADOS,Borra líquida,63.111
2013,DERIVADOS,Borra seca,78.397
2013,DERIVADOS,Vinho Composto,-
2013,DERIVADOS,Pisco,-
2013,DERIVADOS,Vinho orgânico,-
2013,DERIVADOS,Espumante orgânico,-
2013,DERIVADOS,Destilado alcoólico simples de bagaceira,-
2013,DERIVADOS,Vinho acidificado,-
2013,DERIVADOS,Mosto parcialmente fermentado,-
2013,DERIVADOS,Outros derivados,-
2014,VINHO DE MESA,-,196.173.123
2014,VINHO DE MESA,Tinto,157.776.363
2014,VINHO DE MESA,Branco,37.438.069
2014,VINHO DE MESA,Rosado,958.691
2014,VINHO FINO DE MESA (VINIFERA),-,38.464.314
2014,VINHO FINO DE MESA (VINIFERA),Tinto,17.208.996
2014,VINHO FINO DE MESA (VINIFERA),Branco,20.054.804
2014,VINHO FINO DE MESA (VINIFERA),Rosado,1.200.514
2014,SUCO,-,76.723.537
2014,SUCO,Suco de uva integral,43.331.223
2014,SUCO,Suco de uva concentrado,33.392.314
2014,SUCO,Suco de uva adoçado,-
2014,SUCO,Suco de uva orgânico,-
2014,SUCO,Suco de uva reconstituído,-
2014,DERIVADOS,-,62.907.281
2014,DERIVADOS,Espumante,2.700
2014,DERIVADOS,Espumante moscatel,100.000
2014,DERIVADOS,Base espumante,-
2014,DERIVADOS,Base espumante moscatel,1.808.044
2014,DERIVADOS,Base Champenoise champanha,234.725
2014,DERIVADOS,Base Charmat champanha,376.968
2014,DERIVADOS,Bebida de uva,3.860
2014,DERIVADOS,Polpa de uva,2.484.000
2014,DERIVADOS,Mosto simples,57.582.195
2014,DERIVADOS,Mosto concentrado,-
2014,DERIVADOS,Mosto de uva com bagaço,-
2014,DERIVADOS,Mosto dessulfitado,-
2014,DERIVADOS,Mistelas,1.000
2014,DERIVADOS,Néctar de uva,1.140
2014,DERIVADOS,Licorosos,-
2014,DERIVADOS,Compostos,-
2014,DERIVADOS,Jeropiga,-
2014,DERIVADOS,Filtrado,-
2014,DERIVADOS,Frisante,26.069
2014,DERIVADOS,Vinho leve,-
2014,DERIVADOS,Vinho licoroso,36.000
2014,DERIVADOS,Brandy,-
2014,DERIVADOS,Destilado,-
2014,DERIVADOS,Bagaceira,-
2014,DERIVADOS,Licor de bagaceira,-
2014,DERIVADOS,Vinagre,53.776
2014,DERIVADOS,Borra líquida,50.954
2014,DERIVADOS,Borra seca,142.850
2014,DERIVADOS,Vinho Composto,3.000
2014,DERIVADOS,Pisco,-
2014,DERIVADOS,Vinho orgânico,-
2014,DERIVADOS,Espumante orgânico,-
2014,DERIVADOS,Destilado alcoólico simples de bagaceira,-
2014,DERIVADOS,Vinho acidificado,-
2014,DERIVADOS,Mosto parcialmente fermentado,-
2014,DERIVADOS,Outros derivados,-
2015,VINHO DE MESA,-,210.308.560
2015,VINHO DE MESA,Tinto,169.811.472
2015,VINHO DE MESA,Branco,39.557.250
2015,VINHO DE MESA,Rosado,939.838
2015,VINHO FINO DE MESA (VINIFERA),-,37.148.982
2015,VINHO FINO DE MESA (VINIFERA),Tinto,16.745.896
2015,VINHO FINO DE MESA (VINIFERA),Branco,19.561.966
2015,VINHO FINO DE MESA (VINIFERA),Rosado,841.120
2015,SUCO,-,87.894.468
2015,SUCO,Suco de uva integral,52.233.155
2015,SUCO,Suco de uva concentrado,35.661.313
2015,SUCO,Suco de uva adoçado,-
2015,SUCO,Suco de uva orgânico,-
2015,SUCO,Suco de uva reconstituído,-
2015,DERIVADOS,-,107.349.704
2015,DERIVADOS,Espumante,23.750
2015,DERIVADOS,Espumante moscatel,110.100
2015,DERIVADOS,Base espumante,-
2015,DERIVADOS,Base espumante moscatel,1.607.727
2015,DERIVADOS,Base Champenoise champanha,605.001
2015,DERIVADOS,Base Charmat champanha,1.466.259
2015,DERIVADOS,Bebida de uva,922
2015,DERIVADOS,Polpa de uva,2.371.140
2015,DERIVADOS,Mosto simples,100.911.592
2015,DERIVADOS,Mosto concentrado,-
2015,DERIVADOS,Mosto de uva com bagaço,-
2015,DERIVADOS,Mosto dessulfitado,-
2015,DERIVADOS,Mistelas,-
2015,DERIVADOS,Néctar de uva,1.000
2015,DERIVADOS,Licorosos,-
2015,DERIVADOS,Compostos,-
2015,DERIVADOS,Jeropiga,-
2015,DERIVADOS,Filtrado,-
2015,DERIVADOS,Frisante,-
2015,DERIVADOS,Vinho leve,-
2015,DERIVADOS,Vinho licoroso,56.000
2015,DERIVADOS,Brandy,-
2015,DERIVADOS,Destilado,-
2015,DERIVADOS,Bagaceira,1.350
2015,DERIVADOS,Licor de bagaceira,-
2015,DERIVADOS,Vinagre,25.800
2015,DERIVADOS,Borra líquida,48.833
2015,DERIVADOS,Borra seca,120.230
2015,DERIVADOS,Vinho Composto,-
2015,DERIVADOS,Pisco,-
2015,DERIVADOS,Vinho orgânico,-
2015,DERIVADOS,Espumante orgânico,-
2015,DERIVADOS,Destilado alcoólico simples de bagaceira,-
2015,DERIVADOS,Vinho acidificado,-
2015,DERIVADOS,Mosto parcialmente fermentado,-
2015,DERIVADOS,Outros derivados,-
2016,VINHO DE MESA,-,86.319.015
2016,VINHO DE MESA,Tinto,75.279.191
2016,VINHO DE MESA,Branco,10.727.099
2016,VINHO DE MESA,Rosado,312.725
2016,VINHO FINO DE MESA (VINIFERA),-,18.070.626
2016,VINHO FINO DE MESA (VINIFERA),Tinto,8.774.847
2016,VINHO FINO DE MESA (VINIFERA),Branco,8.705.066
2016,VINHO FINO DE MESA (VINIFERA),Rosado,590.713
2016,SUCO,-,42.210.389
2016,SUCO,Suco de uva integral,31.117.869
2016,SUCO,Suco de uva concentrado,11.092.520
2016,SUCO,Suco de uva adoçado,-
2016,SUCO,Suco de uva orgânico,-
2016,SUCO,Suco de uva reconstituído,-
2016,DERIVADOS,-,53.950.314
2016,DERIVADOS,Espumante,1.500
2016,DERIVADOS,Espumante moscatel,100.000
2016,DERIVADOS,Base espumante,-
2016,DERIVADOS,Base espumante moscatel,1.325.700
2016,DERIVADOS,Base Champenoise champanha,740.395
2016,DERIVADOS,Base Charmat champanha,250.280
2016,DERIVADOS,Bebida de uva,3.474
2016,DERIVADOS,Polpa de uva,1.620.430
2016,DERIVADOS,Mosto simples,49.770.993
2016,DERIVADOS,Mosto concentrado,-
2016,DERIVADOS,Mosto de uva com bagaço,-
2016,DERIVADOS,Mosto dessulfitado,-
2016,DERIVADOS,Mistelas,-
2016,DERIVADOS,Néctar de uva,-
2016,DERIVADOS,Licorosos,-
2016,DERIVADOS,Compostos,-
2016,DERIVADOS,Jeropiga,-
2016,DERIVADOS,Filtrado,-
2016,DERIVADOS,Frisante,-
2016,DERIVADOS,Vinho leve,-
2016,DERIVADOS,Vinho licoroso,24.200
2016,DERIVADOS,Brandy,-
2016,DERIVADOS,Destilado,-
2016,DERIVADOS,Bagaceira,1.000
2016,DERIVADOS,Licor de bagaceira,-
2016,DERIVADOS,Vinagre,5.000
2016,DERIVADOS,Borra líquida,24.975
2016,DERIVADOS,Borra seca,82.367
2016,DERIVADOS,Vinho Composto,-
2016,DERIVADOS,Pisco,-
2016,DERIVADOS,Vinho orgânico,-
2016,DERIVADOS,Espumante orgânico,-
2016,DERIVADOS,Destilado alcoólico simples de bagaceira,-
2016,DERIVADOS,Vinho acidificado,-
2016,DERIVADOS,Mosto parcialmente fermentado,-
2016,DERIVADOS,Outros derivados,-
2017,VINHO DE MESA,-,255.015.187
2017,VINHO DE MESA,Tinto,1.365.957
2017,VINHO DE MESA,Branco,217.527.985
2017,VINHO DE MESA,Rosado,36.121.245
2017,VINHO FINO DE MESA (VINIFERA),-,44.537.870
2017,VINHO FINO DE MESA (VINIFERA),Tinto,21.442.212
2017,VINHO FINO DE MESA (VINIFERA),Branco,21.928.400
2017,VINHO FINO DE MESA (VINIFERA),Rosado,1.167.258
2017,SUCO,-,77.161.971
2017,SUCO,Suco de uva integral,46.865.626
2017,SUCO,Suco de uva concentrado,30.059.271
2017,SUCO,Suco de uva adoçado,177.774
2017,SUCO,Suco de uva orgânico,-
2017,SUCO,Suco de uva reconstituído,59.300
2017,DERIVADOS,-,109.116.761
2017,DERIVADOS,Espumante,11.280
2017,DERIVADOS,Espumante moscatel,152.375
2017,DERIVADOS,Base espumante,-
2017,DERIVADOS,Base espumante moscatel,1.965.629
2017,DERIVADOS,Base Champenoise champanha,1.552.403
2017,DERIVADOS,Base Charmat champanha,893.364
2017,DERIVADOS,Bebida de uva,-
2017,DERIVADOS,Polpa de uva,2.507.125
2017,DERIVADOS,Mosto simples,101.010.116
2017,DERIVADOS,Mosto concentrado,-
2017,DERIVADOS,Mosto de uva com bagaço,772.110
2017,DERIVADOS,Mosto dessulfitado,-
2017,DERIVADOS,Mistelas,1.500
2017,DERIVADOS,Néctar de uva,3.000
2017,DERIVADOS,Licorosos,110.820
2017,DERIVADOS,Compostos,-
2017,DERIVADOS,Jeropiga,-
2017,DERIVADOS,Filtrado,-
2017,DERIVADOS,Frisante,-
2017,DERIVADOS,Vinho leve,-
2017,DERIVADOS,Vinho licoroso,110.820
2017,DERIVADOS,Brandy,-
2017,DERIVADOS,Destilado,-
2017,DERIVADOS,Bagaceira,900
2017,DERIVADOS,Licor de bagaceira,-
2017,DERIVADOS,Vinagre,25.319
2017,DERIVADOS,Borra líquida,-
2017,DERIVADOS,Borra seca,-
2017,DERIVADOS,Vinho Composto,-
2017,DERIVADOS,Pisco,-
2017,DERIVADOS,Vinho orgânico,-
2017,DERIVADOS,Espumante orgânico,-
2017,DERIVADOS,Destilado alcoólico simples de bagaceira,-
2017,DERIVADOS,Vinho acidificado,-
2017,DERIVADOS,Mosto parcialmente fermentado,-
2017,DERIVADOS,Outros derivados,-
2018,VINHO DE MESA,-,218.375.636
2018,VINHO DE MESA,Tinto,188.270.142
2018,VINHO DE MESA,Branco,29.229.970
2018,VINHO DE MESA,Rosado,875.524
2018,VINHO FINO DE MESA (VINIFERA),-,38.707.220
2018,VINHO FINO DE MESA (VINIFERA),Tinto,19.118.254
2018,VINHO FINO DE MESA (VINIFERA),Branco,18.297.257
2018,VINHO FINO DE MESA (VINIFERA),Rosado,1.291.709
2018,SUCO,-,65.467.906
2018,SUCO,Suco de uva integral,34.367.996
2018,SUCO,Suco de uva concentrado,31.099.910
2018,SUCO,Suco de uva adoçado,-
2018,SUCO,Suco de uva orgânico,-
2018,SUCO,Suco de uva reconstituído,-
2018,DERIVADOS,-,95.202.101
2018,DERIVADOS,Espumante,68.500
2018,DERIVADOS,Espumante moscatel,326.200
2018,DERIVADOS,Base espumante,-
2018,DERIVADOS,Base espumante moscatel,1.320.650
2018,DERIVADOS,Base Champenoise champanha,228.518
2018,DERIVADOS,Base Charmat champanha,1.746.540
2018,DERIVADOS,Bebida de uva,-
2018,DERIVADOS,Polpa de uva,2.112.683
2018,DERIVADOS,Mosto simples,88.910.980
2018,DERIVADOS,Mosto concentrado,-
2018,DERIVADOS,Mosto de uva com bagaço,-
2018,DERIVADOS,Mosto dessulfitado,-
2018,DERIVADOS,Mistelas,2.000
2018,DERIVADOS,Néctar de uva,-
2018,DERIVADOS,Licorosos,-
2018,DERIVADOS,Compostos,-
2018,DERIVADOS,Jeropiga,-
2018,DERIVADOS,Filtrado,-
2018,DERIVADOS,Frisante,-
2018,DERIVADOS,Vinho leve,8.000
2018,DERIVADOS,Vinho licoroso,124.303
2018,DERIVADOS,Brandy,-
2018,DERIVADOS,Destilado,680
2018,DERIVADOS,Bagaceira,2.100
2018,DERIVADOS,Licor de bagaceira,-
2018,DERIVADOS,Vinagre,25.367
2018,DERIVADOS,Borra líquida,255.100
2018,DERIVADOS,Borra seca,70.480
2018,DERIVADOS,Vinho Composto,-
2018,DERIVADOS,Pisco,-
2018,DERIVADOS,Vinho orgânico,-
2018,DERIVADOS,Espumante orgânico,-
2018,DERIVADOS,Destilado alcoólico simples de bagaceira,-
2018,DERIVADOS,Vinho acidificado,-
2018,DERIVADOS,Mosto parcialmente fermentado,-
2018,DERIVADOS,Outros derivados,-
2019,VINHO DE MESA,-,144.629.737
2019,VINHO DE MESA,Tinto,121.045.115
2019,VINHO DE MESA,Branco,22.032.828
2019,VINHO DE MESA,Rosado,1.551.794
2019,VINHO FINO DE MESA (VINIFERA),-,37.615.422
2019,VINHO FINO DE MESA (VINIFERA),Tinto,17.389.377
2019,VINHO FINO DE MESA (VINIFERA),Branco,18.193.055
2019,VINHO FINO DE MESA (VINIFERA),Rosado,2.032.990
2019,SUCO,-,77.805.352
2019,SUCO,Suco de uva integral,50.239.767
2019,SUCO,Suco de uva concentrado,26.861.009
2019,SUCO,Suco de uva adoçado,120.320
2019,SUCO,Suco de uva orgânico,-
2019,SUCO,Suco de uva reconstituído,584.256
2019,DERIVADOS,-,142.888.747
2019,DERIVADOS,Espumante,52.176
2019,DERIVADOS,Espumante moscatel,515.800
2019,DERIVADOS,Base espumante,-
2019,DERIVADOS,Base espumante moscatel,1.962.443
2019,DERIVADOS,Base Champenoise champanha,274.903
2019,DERIVADOS,Base Charmat champanha,1.188.095
2019,DERIVADOS,Bebida de uva,-
2019,DERIVADOS,Polpa de uva,1.480.269
2019,DERIVADOS,Mosto simples,135.614.344
2019,DERIVADOS,Mosto concentrado,-
2019,DERIVADOS,Mosto de uva com bagaço,645.816
2019,DERIVADOS,Mosto dessulfitado,1.000
2019,DERIVADOS,Mistelas,3.000
2019,DERIVADOS,Néctar de uva,32.519
2019,DERIVADOS,Licorosos,-
2019,DERIVADOS,Compostos,-
2019,DERIVADOS,Jeropiga,-
2019,DERIVADOS,Filtrado,-
2019,DERIVADOS,Frisante,-
2019,DERIVADOS,Vinho leve,-
2019,DERIVADOS,Vinho licoroso,99.485
2019,DERIVADOS,Brandy,-
2019,DERIVADOS,Destilado,-
2019,DERIVADOS,Bagaceira,10.495
2019,DERIVADOS,Licor de bagaceira,1.507
2019,DERIVADOS,Vinagre,76.096
2019,DERIVADOS,Borra líquida,901.431
2019,DERIVADOS,Borra seca,25.996
2019,DERIVADOS,Vinho Composto,-
2019,DERIVADOS,Pisco,3.372
2019,DERIVADOS,Vinho orgânico,-
2019,DERIVADOS,Espumante orgânico,-
2019,DERIVADOS,Destilado alcoólico simples de bagaceira,-
2019,DERIVADOS,Vinho acidificado,-
2019,DERIVADOS,Mosto parcialmente fermentado,-
2019,DERIVADOS,Outros derivados,-
2020,VINHO DE MESA,-,124.200.414
2020,VINHO DE MESA,Tinto,103.916.391
2020,VINHO DE MESA,Branco,19.568.734
2020,VINHO DE MESA,Rosado,715.289
2020,VINHO FINO DE MESA (VINIFERA),-,32.516.686
2020,VINHO FINO DE MESA (VINIFERA),Tinto,15.451.883
2020,VINHO FINO DE MESA (VINIFERA),Branco,15.487.915
2020,VINHO FINO DE MESA (VINIFERA),Rosado,1.576.888
2020,SUCO,-,69.261.287
2020,SUCO,Suco de uva integral,40.718.523
2020,SUCO,Suco de uva concentrado,27.963.865
2020,SUCO,Suco de uva adoçado,107.289
2020,SUCO,Suco de uva orgânico,471.610
2020,SUCO,Suco de uva reconstituído,-
2020,DERIVADOS,-,92.533.804
2020,DERIVADOS,Espumante,32.399
2020,DERIVADOS,Espumante moscatel,689.139
2020,DERIVADOS,Base espumante,-
2020,DERIVADOS,Base espumante moscatel,3.006.705
2020,DERIVADOS,Base Champenoise champanha,200.777
2020,DERIVADOS,Base Charmat champanha,2.487.939
2020,DERIVADOS,Bebida de uva,-
2020,DERIVADOS,Polpa de uva,1.803.472
2020,DERIVADOS,Mosto simples,80.355.474
2020,DERIVADOS,Mosto concentrado,-
2020,DERIVADOS,Mosto de uva com bagaço,3.078.256
2020,DERIVADOS,Mosto dessulfitado,5.000
2020,DERIVADOS,Mistelas,-
2020,DERIVADOS,Néctar de uva,46.000
2020,DERIVADOS,Licorosos,-
2020,DERIVADOS,Compostos,-
2020,DERIVADOS,Jeropiga,2.000
2020,DERIVADOS,Filtrado,-
2020,DERIVADOS,Frisante,-
2020,DERIVADOS,Vinho leve,-
2020,DERIVADOS,Vinho licoroso,48.678
2020,DERIVADOS,Brandy,-
2020,DERIVADOS,Destilado,-
2020,DERIVADOS,Bagaceira,-
2020,DERIVADOS,Licor de bagaceira,5.800
2020,DERIVADOS,Vinagre,10.000
2020,DERIVADOS,Borra líquida,509.378
2020,DERIVADOS,Borra seca,167.587
2020,DERIVADOS,Vinho Composto,-
2020,DERIVADOS,Pisco,1.000
2020,DERIVADOS,Vinho orgânico,18.700
2020,DERIVADOS,Espumante orgânico,-
2020,DERIVADOS,Destilado alcoólico simples de bagaceira,500
2020,DERIVADOS,Vinho acidificado,65.000
2020,DERIVADOS,Mosto parcialmente fermentado,-
2020,DERIVADOS,Outros derivados,-
2021,VINHO DE MESA,-,173.899.995
2021,VINHO DE MESA,Tinto,146.075.996
2021,VINHO DE MESA,Branco,26.432.799
2021,VINHO DE MESA,Rosado,1.391.200
2021,VINHO FINO DE MESA (VINIFERA),-,43.474.998
2021,VINHO FINO DE MESA (VINIFERA),Tinto,20.433.249
2021,VINHO FINO DE MESA (VINIFERA),Branco,20.867.999
2021,VINHO FINO DE MESA (VINIFERA),Rosado,2.173.750
2021,SUCO,-,100.932.264
2021,SUCO,Suco de uva integral,68.038.479
2021,SUCO,Suco de uva concentrado,32.131.218
2021,SUCO,Suco de uva adoçado,40.450
2021,SUCO,Suco de uva orgânico,722.117
2021,SUCO,Suco de uva reconstituído,-
2021,DERIVADOS,-,169.031.493
2021,DERIVADOS,Espumante,70.091
2021,DERIVADOS,Espumante moscatel,11.950
2021,DERIVADOS,Base espumante,5.475.049
2021,DERIVADOS,Base espumante moscatel,5.549.471
2021,DERIVADOS,Base Champenoise champanha,-
2021,DERIVADOS,Base Charmat champanha,-
2021,DERIVADOS,Bebida de uva,2.000
2021,DERIVADOS,Polpa de uva,1.180.578
2021,DERIVADOS,Mosto simples,153.579.926
2021,DERIVADOS,Mosto concentrado,-
2021,DERIVADOS,Mosto de uva com bagaço,618.764
2021,DERIVADOS,Mosto dessulfitado,1.532.000
2021,DERIVADOS,Mistelas,2.500
2021,DERIVADOS,Néctar de uva,18.187
2021,DERIVADOS,Licorosos,-
2021,DERIVADOS,Compostos,-
2021,DERIVADOS,Jeropiga,3.540
2021,DERIVADOS,Filtrado,-
2021,DERIVADOS,Frisante,1.390
2021,DERIVADOS,Vinho leve,-
2021,DERIVADOS,Vinho licoroso,30.000
2021,DERIVADOS,Brandy,120
2021,DERIVADOS,Destilado,-
2021,DERIVADOS,Bagaceira,12.060
2021,DERIVADOS,Licor de bagaceira,-
2021,DERIVADOS,Vinagre,7.500
2021,DERIVADOS,Borra líquida,116.450
2021,DERIVADOS,Borra seca,16.789
2021,DERIVADOS,Vinho Composto,160.000
2021,DERIVADOS,Pisco,-
2021,DERIVADOS,Vinho orgânico,93.884
2021,DERIVADOS,Espumante orgânico,2.412
2021,DERIVADOS,Destilado alcoólico simples de bagaceira,3.000
2021,DERIVADOS,Vinho acidificado,-
2021,DERIVADOS,Mosto parcialmente fermentado,543.510
2021,DERIVADOS,Outros derivados,322
2022,VINHO DE MESA,-,195.031.611
2022,VINHO DE MESA,Tinto,162.844.214
2022,VINHO DE MESA,Branco,30.198.430
2022,VINHO DE MESA,Rosado,1.988.968
2022,VINHO FINO DE MESA (VINIFERA),-,47.511.796
2022,VINHO FINO DE MESA (VINIFERA),Tinto,24.417.918
2022,VINHO FINO DE MESA (VINIFERA),Branco,20.896.613
2022,VINHO FINO DE MESA (VINIFERA),Rosado,2.197.265
2022,SUCO,-,65.809.079
2022,SUCO,Suco de uva integral,35.248.305
2022,SUCO,Suco de uva concentrado,29.892.550
2022,SUCO,Suco de uva adoçado,79.130
2022,SUCO,Suco de uva orgânico,589.094
2022,SUCO,Suco de uva reconstituído,-
2022,DERIVADOS,-,138.501.226
2022,DERIVADOS,Espumante,70.759
2022,DERIVADOS,Espumante moscatel,27.200
2022,DERIVADOS,Base espumante,-
2022,DERIVADOS,Base espumante moscatel,6.308.043
2022,DERIVADOS,Base Champenoise champanha,1.146.717
2022,DERIVADOS,Base Charmat champanha,4.078.766
2022,DERIVADOS,Bebida de uva,-
2022,DERIVADOS,Polpa de uva,387.886
2022,DERIVADOS,Mosto simples,126.048.241
2022,DERIVADOS,Mosto concentrado,-
2022,DERIVADOS,Mosto de uva com bagaço,-
2022,DERIVADOS,Mosto dessulfitado,-
2022,DERIVADOS,Mistelas,-
2022,DERIVADOS,Néctar de uva,-
2022,DERIVADOS,Licorosos,-
2022,DERIVADOS,Compostos,-
2022,DERIVADOS,Jeropiga,5.000
2022,DERIVADOS,Filtrado,-
2022,DERIVADOS,Frisante,-
2022,DERIVADOS,Vinho leve,-
2022,DERIVADOS,Vinho licoroso,67.000
2022,DERIVADOS,Brandy,-
2022,DERIVADOS,Destilado,-
2022,DERIVADOS,Bagaceira,4.998
2022,DERIVADOS,Licor de bagaceira,-
2022,DERIVADOS,Vinagre,16.200
2022,DERIVADOS,Borra líquida,-
2022,DERIVADOS,Borra seca,-
2022,DERIVADOS,Vinho Composto,-
2022,DERIVADOS,Pisco,-
2022,DERIVADOS,Vinho orgânico,88.890
2022,DERIVADOS,Espumante orgânico,-
2022,DERIVADOS,Destilado alcoólico simples de bagaceira,4.300
2022,DERIVADOS,Vinho acidificado,-
2022,DERIVADOS,Mosto parcialmente fermentado,-
2022,DERIVADOS,Outros derivados,247.228
2023,VINHO DE MESA,-,169.762.429
2023,VINHO DE MESA,Tinto,139.320.884
2023,VINHO DE MESA,Branco,27.910.299
2023,VINHO DE MESA,Rosado,2.531.246
2023,VINHO FINO DE MESA (VINIFERA),-,46.268.556
2023,VINHO FINO DE MESA (VINIFERA),Tinto,23.615.783
2023,VINHO FINO DE MESA (VINIFERA),Branco,20.693.437
2023,VINHO FINO DE MESA (VINIFERA),Rosado,1.959.336
2023,SUCO,-,67.045.238
2023,SUCO,Suco de uva integral,38.122.173
2023,SUCO,Suco de uva concentrado,28.216.760
2023,SUCO,Suco de uva adoçado,94.587
2023,SUCO,Suco de uva orgânico,611.718
2023,SUCO,Suco de uva reconstituído,-
2023,DERIVADOS,-,174.716.647
2023,DERIVADOS,Espumante,65.525
2023,DERIVADOS,Espumante moscatel,14.744
2023,DERIVADOS,Base espumante,-
2023,DERIVADOS,Base espumante moscatel,6.734.590
2023,DERIVADOS,Base Champenoise champanha,1.552.243
2023,DERIVADOS,Base Charmat champanha,5.418.118
2023,DERIVADOS,Bebida de uva,1.627
2023,DERIVADOS,Polpa de uva,1.388.251
2023,DERIVADOS,Mosto simples,157.848.983
2023,DERIVADOS,Mosto concentrado,-
2023,DERIVADOS,Mosto de uva com bagaço,7.784
2023,DERIVADOS,Mosto dessulfitado,-
2023,DERIVADOS,Mistelas,600
2023,DERIVADOS,Néctar de uva,70.976
2023,DERIVADOS,Licorosos,-
2023,DERIVADOS,Compostos,-
2023,DERIVADOS,Jeropiga,4.500
2023,DERIVADOS,Filtrado,-
2023,DERIVADOS,Frisante,-
2023,DERIVADOS,Vinho leve,-
2023,DERIVADOS,Vinho licoroso,73.600
2023,DERIVADOS,Brandy,450
2023,DERIVADOS,Destilado,-
2023,DERIVADOS,Bagaceira,-
2023,DERIVADOS,Licor de bagaceira,-
2023,DERIVADOS,Vinagre,9.000
2023,DERIVADOS,Borra líquida,758.140
2023,DERIVADOS,Borra seca,17.200
2023,DERIVADOS,Vinho Composto,-
2023,DERIVADOS,Pisco,-
2023,DERIVADOS,Vinho orgânico,94.150
2023,DERIVADOS,Espumante orgânico,1.365
2023,DERIVADOS,Destilado alcoólico simples de bagaceira,-
2023,DERIVADOS,Vinho acidificado,2.500
2023,DERIVADOS,Mosto parcialmente fermentado,-
2023,DERIVADOS,Outros derivados,652.301
